cliente_id,idade,renda_mensal,data_compra,valor_compra,categoria
1.0,56.0,12253.33,2024-01-04,623.53,Roupas
1.0,56.0,12253.33,2024-01-10,950.16,Casa
1.0,56.0,12253.33,2024-03-26,34.11,Eletrônicos
1.0,56.0,12253.33,2024-04-03,858.35,Alimentos
1.0,56.0,12253.33,2024-04-09,64.4,Alimentos
1.0,56.0,12253.33,2024-05-26,513.07,Eletrônicos
1.0,56.0,12253.33,2024-05-31,683.62,Roupas
1.0,56.0,12253.33,2024-06-08,941.43,Eletrônicos
1.0,56.0,12253.33,2024-07-22,36.82,Eletrônicos
1.0,56.0,12253.33,2024-08-07,65.08,Eletrônicos
1.0,56.0,12253.33,2024-08-10,35.0,Eletrônicos
1.0,56.0,12253.33,2024-09-13,548.59,Alimentos
1.0,56.0,12253.33,2024-10-15,475.38,Casa
1.0,56.0,12253.33,2024-12-01,649.57,Casa
1.0,56.0,12253.33,2024-12-06,484.0,Roupas
1.0,56.0,12253.33,2024-12-22,410.53,Alimentos
2.0,32.0,11381.92,2024-02-02,469.09,Eletrônicos
2.0,32.0,11381.92,2024-06-27,824.23,Roupas
2.0,32.0,11381.92,2024-09-24,398.38,Roupas
3.0,38.0,3606.25,2024-06-16,907.24,Roupas
4.0,36.0,2849.66,2024-02-04,349.82,Eletrônicos
4.0,36.0,2849.66,2024-03-30,332.6,Roupas
4.0,36.0,2849.66,2024-03-30,353.81,Eletrônicos
4.0,36.0,2849.66,2024-04-04,389.71,Casa
4.0,36.0,2849.66,2024-04-23,636.36,Roupas
4.0,36.0,2849.66,2024-04-24,296.22,Eletrônicos
4.0,36.0,2849.66,2024-07-14,699.03,Esportes
4.0,36.0,2849.66,2024-08-04,807.41,Eletrônicos
4.0,36.0,2849.66,2024-09-05,557.01,Esportes
4.0,36.0,2849.66,2024-09-09,112.55,Roupas
4.0,36.0,2849.66,2024-10-11,87.97,Roupas
4.0,36.0,2849.66,2024-12-22,755.6,Alimentos
5.0,28.0,13193.38,2024-02-05,384.58,Casa
5.0,28.0,13193.38,2024-04-05,353.99,Eletrônicos
5.0,28.0,13193.38,2024-06-25,737.01,Eletrônicos
6.0,53.0,3428.7,2024-01-13,745.11,Casa
6.0,53.0,3428.7,2024-03-24,829.93,Esportes
6.0,53.0,3428.7,2024-09-24,440.41,Casa
6.0,53.0,3428.7,2024-09-29,543.64,Alimentos
6.0,53.0,3428.7,2024-12-20,121.06,Roupas
7.0,20.0,1777.89,2024-02-21,581.97,Eletrônicos
7.0,20.0,1777.89,2024-02-22,795.75,Roupas
7.0,20.0,1777.89,2024-02-26,131.2,Eletrônicos
7.0,20.0,1777.89,2024-04-08,610.39,Alimentos
7.0,20.0,1777.89,2024-04-09,30.62,Casa
7.0,20.0,1777.89,2024-05-23,459.48,Roupas
7.0,20.0,1777.89,2024-06-11,889.95,Esportes
7.0,20.0,1777.89,2024-06-29,504.53,Roupas
7.0,20.0,1777.89,2024-07-05,117.99,Esportes
7.0,20.0,1777.89,2024-07-24,683.23,Esportes
7.0,20.0,1777.89,2024-08-10,74.75,Alimentos
7.0,20.0,1777.89,2024-08-20,850.2,Roupas
7.0,20.0,1777.89,2024-09-21,332.93,Alimentos
8.0,19.0,11246.98,2024-01-05,523.06,Roupas
8.0,19.0,11246.98,2024-03-16,694.27,Alimentos
8.0,19.0,11246.98,2024-05-24,948.3,Casa
8.0,19.0,11246.98,2024-06-18,408.72,Casa
8.0,19.0,11246.98,2024-06-22,706.95,Roupas
8.0,19.0,11246.98,2024-08-04,600.05,Esportes
8.0,19.0,11246.98,2024-09-09,841.71,Roupas
8.0,19.0,11246.98,2024-10-09,712.12,Roupas
8.0,19.0,11246.98,2024-11-26,134.73,Casa
8.0,19.0,11246.98,2024-12-04,589.68,Casa
8.0,19.0,11246.98,2024-12-30,383.23,Casa
9.0,47.0,4366.58,2024-03-10,714.02,Roupas
9.0,47.0,4366.58,2024-06-30,710.98,Casa
9.0,47.0,4366.58,2024-07-20,908.23,Casa
9.0,47.0,4366.58,2024-10-01,781.6,Alimentos
10.0,38.0,9836.0,2024-01-01,687.42,Eletrônicos
10.0,38.0,9836.0,2024-05-05,502.77,Casa
10.0,38.0,9836.0,2024-05-05,75.18,Alimentos
10.0,38.0,9836.0,2024-05-20,417.1,Esportes
10.0,38.0,9836.0,2024-07-09,488.16,Casa
10.0,38.0,9836.0,2024-11-12,826.33,Alimentos
10.0,38.0,9836.0,2024-12-13,962.93,Esportes
11.0,39.0,1595.4,2024-04-26,963.96,Casa
12.0,42.0,5431.59,2024-01-01,635.01,Roupas
12.0,42.0,5431.59,2024-01-12,959.53,Alimentos
12.0,42.0,5431.59,2024-01-14,308.6,Casa
12.0,42.0,5431.59,2024-01-20,93.93,Alimentos
12.0,42.0,5431.59,2024-02-16,636.81,Roupas
12.0,42.0,5431.59,2024-03-20,537.15,Alimentos
12.0,42.0,5431.59,2024-06-12,562.78,Alimentos
12.0,42.0,5431.59,2024-06-21,970.48,Casa
12.0,42.0,5431.59,2024-07-21,920.73,Eletrônicos
12.0,42.0,5431.59,2024-09-15,903.13,Eletrônicos
12.0,42.0,5431.59,2024-09-28,892.46,Esportes
12.0,42.0,5431.59,2024-11-12,336.23,Roupas
13.0,59.0,2129.99,2024-02-15,94.68,Roupas
13.0,59.0,2129.99,2024-03-22,428.31,Roupas
13.0,59.0,2129.99,2024-03-30,400.5,Eletrônicos
13.0,59.0,2129.99,2024-05-01,204.36,Alimentos
13.0,59.0,2129.99,2024-05-24,294.17,Alimentos
13.0,59.0,2129.99,2024-06-04,348.95,Esportes
13.0,59.0,2129.99,2024-07-15,621.15,Eletrônicos
13.0,59.0,2129.99,2024-07-30,610.73,Alimentos
13.0,59.0,2129.99,2024-08-07,373.14,Esportes
13.0,59.0,2129.99,2024-08-15,986.49,Casa
13.0,59.0,2129.99,2024-08-27,179.36,Esportes
13.0,59.0,2129.99,2024-11-11,591.98,Alimentos
14.0,33.0,4642.41,2024-01-10,934.07,Alimentos
14.0,33.0,4642.41,2024-08-29,560.56,Eletrônicos
15.0,64.0,9848.21,2024-03-05,490.76,Roupas
15.0,64.0,9848.21,2024-04-28,423.03,Eletrônicos
15.0,64.0,9848.21,2024-08-04,970.52,Alimentos
15.0,64.0,9848.21,2024-08-26,167.41,Eletrônicos
15.0,64.0,9848.21,2024-12-06,754.59,Alimentos
16.0,61.0,8442.16,2024-01-01,954.97,Esportes
16.0,61.0,8442.16,2024-01-23,773.61,Eletrônicos
16.0,61.0,8442.16,2024-02-23,968.61,Casa
16.0,61.0,8442.16,2024-03-18,220.94,Alimentos
16.0,61.0,8442.16,2024-03-23,262.4,Esportes
16.0,61.0,8442.16,2024-04-04,131.29,Esportes
16.0,61.0,8442.16,2024-04-07,56.09,Casa
16.0,61.0,8442.16,2024-04-27,834.74,Alimentos
16.0,61.0,8442.16,2024-06-02,508.2,Esportes
16.0,61.0,8442.16,2024-06-13,761.94,Casa
16.0,61.0,8442.16,2024-07-15,999.72,Alimentos
16.0,61.0,8442.16,2024-07-23,223.08,Roupas
16.0,61.0,8442.16,2024-08-09,795.98,Roupas
16.0,61.0,8442.16,2024-10-14,65.96,Alimentos
16.0,61.0,8442.16,2024-11-01,855.14,Alimentos
16.0,61.0,8442.16,2024-11-06,867.43,Alimentos
16.0,61.0,8442.16,2024-12-23,914.9,Roupas
17.0,20.0,13109.2,2024-02-03,628.39,Casa
17.0,20.0,13109.2,2024-02-12,255.34,Eletrônicos
17.0,20.0,13109.2,2024-03-06,808.94,Roupas
17.0,20.0,13109.2,2024-03-21,950.53,Esportes
17.0,20.0,13109.2,2024-04-12,153.64,Eletrônicos
17.0,20.0,13109.2,2024-04-21,490.45,Esportes
17.0,20.0,13109.2,2024-05-17,928.06,Alimentos
17.0,20.0,13109.2,2024-07-23,224.95,Casa
17.0,20.0,13109.2,2024-07-25,788.97,Casa
17.0,20.0,13109.2,2024-09-03,533.13,Eletrônicos
17.0,20.0,13109.2,2024-09-08,980.85,Roupas
17.0,20.0,13109.2,2024-10-12,563.72,Roupas
17.0,20.0,13109.2,2024-11-01,598.12,Alimentos
17.0,20.0,13109.2,2024-11-03,556.5,Eletrônicos
17.0,20.0,13109.2,2024-11-25,773.54,Eletrônicos
17.0,20.0,13109.2,2024-11-30,408.61,Roupas
17.0,20.0,13109.2,2024-12-05,469.95,Casa
18.0,24.0,3802.08,2024-01-01,543.74,Eletrônicos
18.0,24.0,3802.08,2024-01-08,196.47,Roupas
18.0,24.0,3802.08,2024-01-12,222.21,Eletrônicos
18.0,24.0,3802.08,2024-01-22,106.93,Casa
18.0,24.0,3802.08,2024-02-03,146.17,Esportes
18.0,24.0,3802.08,2024-02-16,635.34,Esportes
18.0,24.0,3802.08,2024-03-01,208.44,Esportes
18.0,24.0,3802.08,2024-03-01,22.54,Alimentos
18.0,24.0,3802.08,2024-03-13,110.44,Eletrônicos
18.0,24.0,3802.08,2024-04-01,360.67,Casa
18.0,24.0,3802.08,2024-04-02,973.65,Casa
18.0,24.0,3802.08,2024-04-16,922.45,Roupas
18.0,24.0,3802.08,2024-04-20,146.3,Roupas
18.0,24.0,3802.08,2024-07-01,593.07,Esportes
18.0,24.0,3802.08,2024-07-02,423.43,Eletrônicos
18.0,24.0,3802.08,2024-08-05,696.59,Eletrônicos
18.0,24.0,3802.08,2024-08-26,521.42,Casa
18.0,24.0,3802.08,2024-10-03,185.56,Alimentos
18.0,24.0,3802.08,2024-12-17,484.48,Esportes
19.0,56.0,1679.08,2024-02-25,494.83,Roupas
19.0,56.0,1679.08,2024-07-25,545.86,Eletrônicos
19.0,56.0,1679.08,2024-09-13,102.83,Esportes
19.0,56.0,1679.08,2024-12-20,200.83,Esportes
20.0,42.0,14536.03,2024-01-03,897.3,Esportes
20.0,42.0,14536.03,2024-01-25,685.52,Esportes
20.0,42.0,14536.03,2024-01-28,39.67,Esportes
20.0,42.0,14536.03,2024-03-07,655.85,Eletrônicos
20.0,42.0,14536.03,2024-05-05,137.37,Casa
20.0,42.0,14536.03,2024-05-24,356.07,Roupas
20.0,42.0,14536.03,2024-06-02,55.95,Alimentos
20.0,42.0,14536.03,2024-07-10,283.86,Eletrônicos
20.0,42.0,14536.03,2024-08-03,726.11,Alimentos
20.0,42.0,14536.03,2024-08-14,409.22,Esportes
20.0,42.0,14536.03,2024-08-25,754.62,Eletrônicos
20.0,42.0,14536.03,2024-09-29,227.22,Esportes
20.0,42.0,14536.03,2024-09-30,458.46,Esportes
20.0,42.0,14536.03,2024-11-07,150.45,Esportes
21.0,67.0,6703.12,2024-01-04,853.8,Esportes
21.0,67.0,6703.12,2024-01-06,409.9,Roupas
21.0,67.0,6703.12,2024-01-31,422.19,Esportes
21.0,67.0,6703.12,2024-02-03,566.59,Esportes
21.0,67.0,6703.12,2024-02-05,997.31,Alimentos
21.0,67.0,6703.12,2024-03-10,261.04,Alimentos
21.0,67.0,6703.12,2024-04-10,375.82,Eletrônicos
21.0,67.0,6703.12,2024-04-20,592.52,Eletrônicos
21.0,67.0,6703.12,2024-05-29,240.83,Roupas
21.0,67.0,6703.12,2024-05-31,898.83,Casa
21.0,67.0,6703.12,2024-08-07,919.05,Roupas
21.0,67.0,6703.12,2024-08-16,935.02,Alimentos
21.0,67.0,6703.12,2024-08-23,145.03,Roupas
21.0,67.0,6703.12,2024-09-03,70.6,Eletrônicos
21.0,67.0,6703.12,2024-10-08,615.4,Alimentos
21.0,67.0,6703.12,2024-11-10,986.78,Esportes
21.0,67.0,6703.12,2024-11-13,809.75,Casa
21.0,67.0,6703.12,2024-11-30,820.73,Roupas
22.0,43.0,2818.57,2024-01-01,618.41,Eletrônicos
22.0,43.0,2818.57,2024-01-10,557.63,Casa
22.0,43.0,2818.57,2024-01-13,690.88,Esportes
22.0,43.0,2818.57,2024-01-26,294.38,Esportes
22.0,43.0,2818.57,2024-03-02,930.79,Eletrônicos
22.0,43.0,2818.57,2024-03-24,269.55,Casa
22.0,43.0,2818.57,2024-04-03,187.47,Alimentos
22.0,43.0,2818.57,2024-04-22,539.24,Esportes
22.0,43.0,2818.57,2024-04-27,716.73,Esportes
22.0,43.0,2818.57,2024-05-17,990.16,Roupas
22.0,43.0,2818.57,2024-05-18,933.37,Casa
22.0,43.0,2818.57,2024-06-09,381.85,Casa
22.0,43.0,2818.57,2024-07-30,517.46,Alimentos
22.0,43.0,2818.57,2024-10-26,220.98,Roupas
22.0,43.0,2818.57,2024-11-15,105.54,Eletrônicos
22.0,43.0,2818.57,2024-11-28,541.94,Eletrônicos
22.0,43.0,2818.57,2024-11-30,544.34,Alimentos
23.0,37.0,4753.84,2024-02-07,423.6,Roupas
23.0,37.0,4753.84,2024-03-09,834.01,Casa
23.0,37.0,4753.84,2024-04-03,124.57,Roupas
23.0,37.0,4753.84,2024-08-23,420.35,Roupas
23.0,37.0,4753.84,2024-11-24,765.02,Casa
24.0,24.0,9734.95,2024-01-05,250.98,Alimentos
24.0,24.0,9734.95,2024-02-04,927.92,Esportes
24.0,24.0,9734.95,2024-02-11,404.6,Alimentos
24.0,24.0,9734.95,2024-03-18,532.6,Alimentos
24.0,24.0,9734.95,2024-05-11,329.87,Esportes
24.0,24.0,9734.95,2024-05-16,220.9,Esportes
24.0,24.0,9734.95,2024-09-23,799.36,Casa
24.0,24.0,9734.95,2024-09-26,803.55,Alimentos
24.0,24.0,9734.95,2024-10-17,180.98,Eletrônicos
24.0,24.0,9734.95,2024-11-15,582.98,Alimentos
24.0,24.0,9734.95,2024-11-15,785.88,Alimentos
25.0,25.0,1964.25,2024-01-14,901.67,Alimentos
25.0,25.0,1964.25,2024-01-23,449.97,Alimentos
25.0,25.0,1964.25,2024-02-08,134.56,Casa
25.0,25.0,1964.25,2024-05-04,315.35,Alimentos
25.0,25.0,1964.25,2024-05-13,346.16,Esportes
25.0,25.0,1964.25,2024-06-01,368.26,Esportes
25.0,25.0,1964.25,2024-11-04,908.34,Esportes
25.0,25.0,1964.25,2024-11-23,450.35,Esportes
26.0,31.0,6779.32,2024-01-05,879.23,Eletrônicos
26.0,31.0,6779.32,2024-01-15,881.06,Esportes
26.0,31.0,6779.32,2024-02-11,156.49,Alimentos
26.0,31.0,6779.32,2024-02-16,420.78,Casa
26.0,31.0,6779.32,2024-03-26,719.78,Eletrônicos
26.0,31.0,6779.32,2024-04-04,606.47,Roupas
26.0,31.0,6779.32,2024-04-06,712.84,Casa
26.0,31.0,6779.32,2024-05-15,166.92,Esportes
26.0,31.0,6779.32,2024-06-05,168.64,Roupas
26.0,31.0,6779.32,2024-06-07,391.25,Roupas
26.0,31.0,6779.32,2024-06-21,725.64,Casa
26.0,31.0,6779.32,2024-07-02,512.24,Alimentos
26.0,31.0,6779.32,2024-08-18,581.69,Esportes
26.0,31.0,6779.32,2024-10-09,358.78,Roupas
26.0,31.0,6779.32,2024-10-15,542.79,Roupas
26.0,31.0,6779.32,2024-10-15,52.86,Eletrônicos
26.0,31.0,6779.32,2024-10-18,721.86,Eletrônicos
26.0,31.0,6779.32,2024-12-18,120.86,Esportes
26.0,31.0,6779.32,2024-12-30,144.94,Esportes
27.0,67.0,10444.05,2024-01-23,472.77,Roupas
27.0,67.0,10444.05,2024-02-07,242.8,Roupas
27.0,67.0,10444.05,2024-04-20,731.57,Casa
27.0,67.0,10444.05,2024-05-12,924.05,Roupas
27.0,67.0,10444.05,2024-06-19,933.48,Esportes
27.0,67.0,10444.05,2024-07-28,619.23,Casa
27.0,67.0,10444.05,2024-08-05,594.51,Casa
27.0,67.0,10444.05,2024-09-10,910.28,Roupas
27.0,67.0,10444.05,2024-10-28,622.65,Esportes
27.0,67.0,10444.05,2024-11-23,658.34,Roupas
27.0,67.0,10444.05,2024-12-21,920.38,Casa
28.0,19.0,7239.6,2024-01-01,872.5,Casa
28.0,19.0,7239.6,2024-01-25,866.25,Esportes
28.0,19.0,7239.6,2024-02-20,741.72,Esportes
28.0,19.0,7239.6,2024-02-24,242.85,Eletrônicos
28.0,19.0,7239.6,2024-04-01,386.95,Casa
28.0,19.0,7239.6,2024-05-28,391.72,Casa
28.0,19.0,7239.6,2024-06-30,840.74,Casa
28.0,19.0,7239.6,2024-07-28,491.22,Eletrônicos
28.0,19.0,7239.6,2024-09-23,461.82,Esportes
28.0,19.0,7239.6,2024-10-17,410.21,Alimentos
28.0,19.0,7239.6,2024-10-20,359.42,Alimentos
28.0,19.0,7239.6,2024-10-22,843.63,Roupas
28.0,19.0,7239.6,2024-10-28,251.19,Roupas
28.0,19.0,7239.6,2024-11-04,348.49,Esportes
28.0,19.0,7239.6,2024-11-08,24.54,Esportes
28.0,19.0,7239.6,2024-12-11,842.12,Casa
28.0,19.0,7239.6,2024-12-12,463.17,Roupas
29.0,59.0,9163.95,2024-02-18,194.48,Esportes
29.0,59.0,9163.95,2024-02-18,313.6,Esportes
29.0,59.0,9163.95,2024-03-03,996.94,Casa
29.0,59.0,9163.95,2024-03-24,469.81,Casa
29.0,59.0,9163.95,2024-05-27,426.33,Alimentos
29.0,59.0,9163.95,2024-05-29,235.7,Esportes
29.0,59.0,9163.95,2024-06-28,430.55,Casa
29.0,59.0,9163.95,2024-06-30,192.86,Esportes
29.0,59.0,9163.95,2024-10-11,588.98,Alimentos
29.0,59.0,9163.95,2024-12-09,325.24,Alimentos
29.0,59.0,9163.95,2024-12-29,914.49,Esportes
30.0,46.0,14589.39,2024-01-19,84.39,Alimentos
30.0,46.0,14589.39,2024-02-24,947.19,Esportes
30.0,46.0,14589.39,2024-03-18,719.78,Roupas
30.0,46.0,14589.39,2024-04-22,412.75,Alimentos
30.0,46.0,14589.39,2024-05-11,198.29,Casa
30.0,46.0,14589.39,2024-06-06,206.87,Casa
30.0,46.0,14589.39,2024-06-10,420.56,Esportes
30.0,46.0,14589.39,2024-06-14,770.05,Alimentos
30.0,46.0,14589.39,2024-07-12,543.77,Esportes
30.0,46.0,14589.39,2024-07-29,362.4,Alimentos
30.0,46.0,14589.39,2024-08-02,438.25,Casa
30.0,46.0,14589.39,2024-10-12,839.83,Roupas
30.0,46.0,14589.39,2024-10-14,286.86,Roupas
31.0,43.0,7571.68,2024-01-07,640.58,Esportes
31.0,43.0,7571.68,2024-01-11,274.23,Roupas
31.0,43.0,7571.68,2024-02-05,650.07,Casa
31.0,43.0,7571.68,2024-02-23,352.49,Casa
31.0,43.0,7571.68,2024-03-22,894.82,Esportes
31.0,43.0,7571.68,2024-04-05,988.95,Esportes
31.0,43.0,7571.68,2024-04-06,565.59,Casa
31.0,43.0,7571.68,2024-05-26,140.32,Alimentos
31.0,43.0,7571.68,2024-06-09,223.73,Casa
31.0,43.0,7571.68,2024-06-13,158.26,Roupas
31.0,43.0,7571.68,2024-08-10,337.51,Casa
31.0,43.0,7571.68,2024-08-16,194.97,Alimentos
31.0,43.0,7571.68,2024-09-11,39.32,Roupas
31.0,43.0,7571.68,2024-09-20,117.45,Roupas
31.0,43.0,7571.68,2024-10-14,858.58,Alimentos
31.0,43.0,7571.68,2024-10-29,632.27,Alimentos
31.0,43.0,7571.68,2024-11-08,237.53,Alimentos
31.0,43.0,7571.68,2024-12-14,419.82,Casa
32.0,27.0,13580.17,2024-01-20,631.67,Casa
32.0,27.0,13580.17,2024-07-13,598.49,Alimentos
33.0,31.0,11318.17,2024-03-21,871.1,Roupas
33.0,31.0,11318.17,2024-04-29,985.66,Roupas
33.0,31.0,11318.17,2024-08-13,863.85,Roupas
33.0,31.0,11318.17,2024-09-12,561.01,Roupas
33.0,31.0,11318.17,2024-12-07,784.16,Casa
33.0,31.0,11318.17,2024-12-20,949.48,Esportes
34.0,32.0,2694.65,2024-01-09,550.8,Roupas
34.0,32.0,2694.65,2024-01-27,902.02,Alimentos
34.0,32.0,2694.65,2024-02-03,563.09,Alimentos
34.0,32.0,2694.65,2024-02-11,584.99,Eletrônicos
34.0,32.0,2694.65,2024-03-16,222.29,Eletrônicos
34.0,32.0,2694.65,2024-04-07,608.51,Alimentos
34.0,32.0,2694.65,2024-04-18,697.4,Casa
34.0,32.0,2694.65,2024-04-24,522.21,Roupas
34.0,32.0,2694.65,2024-05-13,737.54,Casa
34.0,32.0,2694.65,2024-05-25,539.07,Roupas
34.0,32.0,2694.65,2024-06-01,507.52,Alimentos
34.0,32.0,2694.65,2024-06-02,535.18,Roupas
34.0,32.0,2694.65,2024-07-19,156.57,Eletrônicos
34.0,32.0,2694.65,2024-08-22,433.27,Eletrônicos
34.0,32.0,2694.65,2024-08-24,414.5,Eletrônicos
34.0,32.0,2694.65,2024-10-19,38.02,Alimentos
34.0,32.0,2694.65,2024-12-27,157.22,Casa
35.0,40.0,8531.26,2024-03-04,366.79,Eletrônicos
35.0,40.0,8531.26,2024-06-21,841.34,Eletrônicos
35.0,40.0,8531.26,2024-07-08,528.54,Alimentos
35.0,40.0,8531.26,2024-09-23,302.92,Alimentos
35.0,40.0,8531.26,2024-10-08,86.88,Esportes
35.0,40.0,8531.26,2024-11-02,108.53,Eletrônicos
35.0,40.0,8531.26,2024-11-05,743.27,Casa
36.0,57.0,12901.21,2024-04-07,408.72,Alimentos
36.0,57.0,12901.21,2024-04-22,727.1,Alimentos
36.0,57.0,12901.21,2024-05-31,938.09,Alimentos
36.0,57.0,12901.21,2024-08-19,575.08,Esportes
37.0,62.0,5163.21,2024-02-05,549.05,Esportes
37.0,62.0,5163.21,2024-08-14,844.7,Esportes
37.0,62.0,5163.21,2024-11-07,230.64,Roupas
37.0,62.0,5163.21,2024-12-02,506.44,Roupas
37.0,62.0,5163.21,2024-12-30,171.58,Casa
38.0,41.0,6316.17,2024-01-17,424.54,Eletrônicos
38.0,41.0,6316.17,2024-02-11,470.49,Casa
38.0,41.0,6316.17,2024-03-01,694.63,Alimentos
38.0,41.0,6316.17,2024-03-13,93.64,Esportes
38.0,41.0,6316.17,2024-04-11,598.43,Casa
38.0,41.0,6316.17,2024-06-02,484.75,Eletrônicos
38.0,41.0,6316.17,2024-08-16,22.29,Esportes
38.0,41.0,6316.17,2024-10-01,328.3,Casa
38.0,41.0,6316.17,2024-10-17,822.72,Esportes
39.0,62.0,3402.48,2024-01-12,551.06,Eletrônicos
39.0,62.0,3402.48,2024-01-17,951.23,Esportes
39.0,62.0,3402.48,2024-02-28,987.91,Roupas
39.0,62.0,3402.48,2024-03-29,653.73,Roupas
39.0,62.0,3402.48,2024-05-16,208.75,Alimentos
39.0,62.0,3402.48,2024-05-28,763.86,Esportes
39.0,62.0,3402.48,2024-07-16,980.97,Eletrônicos
39.0,62.0,3402.48,2024-07-17,999.37,Alimentos
39.0,62.0,3402.48,2024-08-02,799.44,Roupas
39.0,62.0,3402.48,2024-08-03,763.22,Casa
39.0,62.0,3402.48,2024-09-06,326.6,Casa
39.0,62.0,3402.48,2024-10-08,576.59,Casa
39.0,62.0,3402.48,2024-10-14,711.46,Esportes
39.0,62.0,3402.48,2024-11-06,530.87,Esportes
39.0,62.0,3402.48,2024-11-23,971.64,Eletrônicos
39.0,62.0,3402.48,2024-11-30,703.47,Roupas
39.0,62.0,3402.48,2024-12-30,676.52,Esportes
40.0,32.0,3731.1,2024-02-08,328.98,Esportes
40.0,32.0,3731.1,2024-04-07,887.3,Alimentos
40.0,32.0,3731.1,2024-04-12,56.27,Roupas
40.0,32.0,3731.1,2024-04-17,138.16,Esportes
40.0,32.0,3731.1,2024-06-07,377.4,Casa
40.0,32.0,3731.1,2024-06-19,353.08,Alimentos
40.0,32.0,3731.1,2024-07-01,416.4,Alimentos
41.0,42.0,14822.97,2024-01-03,477.96,Esportes
41.0,42.0,14822.97,2024-01-04,794.91,Casa
41.0,42.0,14822.97,2024-02-03,40.84,Eletrônicos
41.0,42.0,14822.97,2024-03-05,254.0,Eletrônicos
41.0,42.0,14822.97,2024-04-17,248.3,Esportes
41.0,42.0,14822.97,2024-06-06,855.77,Eletrônicos
41.0,42.0,14822.97,2024-07-03,589.14,Eletrônicos
41.0,42.0,14822.97,2024-07-28,529.76,Eletrônicos
41.0,42.0,14822.97,2024-08-14,88.63,Casa
41.0,42.0,14822.97,2024-08-23,984.4,Alimentos
41.0,42.0,14822.97,2024-09-03,201.76,Esportes
41.0,42.0,14822.97,2024-09-22,109.87,Roupas
41.0,42.0,14822.97,2024-09-30,940.29,Alimentos
41.0,42.0,14822.97,2024-10-28,363.7,Eletrônicos
41.0,42.0,14822.97,2024-11-06,472.7,Roupas
41.0,42.0,14822.97,2024-11-13,490.28,Roupas
41.0,42.0,14822.97,2024-12-24,532.07,Alimentos
42.0,41.0,6830.9,2024-01-11,905.65,Roupas
42.0,41.0,6830.9,2024-02-21,83.69,Eletrônicos
42.0,41.0,6830.9,2024-03-01,273.8,Eletrônicos
42.0,41.0,6830.9,2024-03-03,245.96,Eletrônicos
42.0,41.0,6830.9,2024-03-12,943.88,Esportes
42.0,41.0,6830.9,2024-03-13,127.28,Alimentos
42.0,41.0,6830.9,2024-07-05,950.96,Alimentos
42.0,41.0,6830.9,2024-07-11,912.13,Roupas
42.0,41.0,6830.9,2024-07-16,982.68,Alimentos
42.0,41.0,6830.9,2024-08-13,183.69,Eletrônicos
42.0,41.0,6830.9,2024-08-28,958.12,Roupas
42.0,41.0,6830.9,2024-08-30,522.43,Roupas
42.0,41.0,6830.9,2024-09-18,804.75,Roupas
42.0,41.0,6830.9,2024-10-19,61.25,Esportes
42.0,41.0,6830.9,2024-11-08,236.08,Alimentos
42.0,41.0,6830.9,2024-11-14,945.84,Eletrônicos
42.0,41.0,6830.9,2024-11-25,66.01,Eletrônicos
42.0,41.0,6830.9,2024-12-09,141.95,Eletrônicos
43.0,25.0,1574.55,2024-01-09,342.47,Esportes
43.0,25.0,1574.55,2024-01-25,559.84,Casa
43.0,25.0,1574.55,2024-03-29,601.08,Esportes
43.0,25.0,1574.55,2024-04-08,605.33,Esportes
43.0,25.0,1574.55,2024-04-14,403.35,Casa
43.0,25.0,1574.55,2024-05-02,146.92,Esportes
43.0,25.0,1574.55,2024-05-16,63.49,Eletrônicos
43.0,25.0,1574.55,2024-05-24,170.82,Alimentos
43.0,25.0,1574.55,2024-06-08,474.11,Casa
43.0,25.0,1574.55,2024-06-26,501.36,Eletrônicos
43.0,25.0,1574.55,2024-08-02,886.11,Casa
43.0,25.0,1574.55,2024-08-13,864.89,Eletrônicos
43.0,25.0,1574.55,2024-08-28,190.42,Alimentos
43.0,25.0,1574.55,2024-09-25,239.34,Casa
43.0,25.0,1574.55,2024-12-22,109.66,Alimentos
44.0,28.0,4184.37,2024-05-03,385.23,Eletrônicos
44.0,28.0,4184.37,2024-11-23,701.8,Esportes
45.0,25.0,11341.6,2024-02-06,235.78,Roupas
45.0,25.0,11341.6,2024-02-14,703.52,Alimentos
45.0,25.0,11341.6,2024-02-28,869.95,Alimentos
45.0,25.0,11341.6,2024-03-21,80.29,Roupas
45.0,25.0,11341.6,2024-03-30,541.95,Alimentos
45.0,25.0,11341.6,2024-06-03,757.66,Eletrônicos
45.0,25.0,11341.6,2024-06-16,260.38,Esportes
45.0,25.0,11341.6,2024-06-17,347.33,Casa
45.0,25.0,11341.6,2024-06-18,123.72,Casa
45.0,25.0,11341.6,2024-08-03,801.48,Casa
45.0,25.0,11341.6,2024-08-24,739.23,Esportes
45.0,25.0,11341.6,2024-10-10,94.61,Roupas
45.0,25.0,11341.6,2024-10-27,490.97,Eletrônicos
45.0,25.0,11341.6,2024-11-18,360.85,Roupas
45.0,25.0,11341.6,2024-12-14,908.38,Alimentos
45.0,25.0,11341.6,2024-12-19,552.9,Casa
46.0,50.0,9680.46,2024-01-31,829.3,Alimentos
46.0,50.0,9680.46,2024-03-22,821.61,Esportes
46.0,50.0,9680.46,2024-05-12,883.25,Eletrônicos
46.0,50.0,9680.46,2024-06-06,910.53,Roupas
46.0,50.0,9680.46,2024-06-08,348.42,Eletrônicos
46.0,50.0,9680.46,2024-07-24,761.5,Alimentos
46.0,50.0,9680.46,2024-11-09,476.16,Casa
47.0,59.0,6339.29,2024-01-13,624.59,Alimentos
47.0,59.0,6339.29,2024-03-14,443.6,Eletrônicos
47.0,59.0,6339.29,2024-04-22,568.65,Eletrônicos
47.0,59.0,6339.29,2024-07-06,28.89,Eletrônicos
47.0,59.0,6339.29,2024-10-04,938.48,Eletrônicos
47.0,59.0,6339.29,2024-10-21,209.27,Roupas
47.0,59.0,6339.29,2024-11-14,404.31,Eletrônicos
47.0,59.0,6339.29,2024-11-21,297.68,Alimentos
47.0,59.0,6339.29,2024-11-30,933.39,Eletrônicos
47.0,59.0,6339.29,2024-12-17,775.44,Alimentos
47.0,59.0,6339.29,2024-12-25,274.61,Eletrônicos
47.0,59.0,6339.29,2024-12-30,784.25,Roupas
48.0,58.0,13851.96,2024-01-12,86.0,Alimentos
48.0,58.0,13851.96,2024-04-29,64.83,Roupas
48.0,58.0,13851.96,2024-07-11,76.76,Eletrônicos
48.0,58.0,13851.96,2024-08-06,183.05,Eletrônicos
49.0,26.0,9914.52,2024-01-07,84.31,Roupas
49.0,26.0,9914.52,2024-01-21,911.33,Roupas
49.0,26.0,9914.52,2024-01-27,870.69,Esportes
49.0,26.0,9914.52,2024-02-02,337.14,Esportes
49.0,26.0,9914.52,2024-02-08,536.48,Alimentos
49.0,26.0,9914.52,2024-02-27,21.01,Alimentos
49.0,26.0,9914.52,2024-03-19,822.41,Roupas
49.0,26.0,9914.52,2024-03-24,661.42,Esportes
49.0,26.0,9914.52,2024-04-08,462.36,Eletrônicos
49.0,26.0,9914.52,2024-08-13,997.18,Casa
49.0,26.0,9914.52,2024-08-23,50.68,Eletrônicos
49.0,26.0,9914.52,2024-09-07,147.48,Roupas
49.0,26.0,9914.52,2024-09-18,764.89,Esportes
49.0,26.0,9914.52,2024-09-26,974.02,Eletrônicos
49.0,26.0,9914.52,2024-10-11,457.04,Casa
49.0,26.0,9914.52,2024-10-11,699.81,Casa
49.0,26.0,9914.52,2024-10-14,100.73,Eletrônicos
49.0,26.0,9914.52,2024-12-22,645.76,Eletrônicos
50.0,51.0,2788.04,2024-01-15,750.92,Alimentos
50.0,51.0,2788.04,2024-06-11,50.51,Roupas
50.0,51.0,2788.04,2024-09-13,334.33,Casa
50.0,51.0,2788.04,2024-09-30,867.07,Roupas
50.0,51.0,2788.04,2024-10-07,720.63,Esportes
51.0,40.0,10529.36,2024-01-08,775.5,Casa
51.0,40.0,10529.36,2024-01-27,968.83,Alimentos
51.0,40.0,10529.36,2024-02-15,472.86,Alimentos
51.0,40.0,10529.36,2024-03-12,324.15,Eletrônicos
51.0,40.0,10529.36,2024-04-26,598.46,Esportes
51.0,40.0,10529.36,2024-05-24,109.34,Roupas
51.0,40.0,10529.36,2024-06-14,241.03,Casa
51.0,40.0,10529.36,2024-06-22,539.75,Casa
51.0,40.0,10529.36,2024-06-29,913.6,Alimentos
51.0,40.0,10529.36,2024-07-17,633.7,Casa
51.0,40.0,10529.36,2024-07-23,166.59,Casa
51.0,40.0,10529.36,2024-08-09,134.96,Eletrônicos
51.0,40.0,10529.36,2024-09-29,615.16,Eletrônicos
51.0,40.0,10529.36,2024-10-03,91.0,Roupas
51.0,40.0,10529.36,2024-11-14,658.49,Eletrônicos
51.0,40.0,10529.36,2024-12-05,441.7,Alimentos
52.0,54.0,11349.68,2024-01-02,543.56,Esportes
52.0,54.0,11349.68,2024-01-11,701.08,Alimentos
52.0,54.0,11349.68,2024-03-16,986.93,Casa
52.0,54.0,11349.68,2024-03-17,97.01,Casa
52.0,54.0,11349.68,2024-03-28,163.0,Roupas
52.0,54.0,11349.68,2024-04-04,727.45,Esportes
52.0,54.0,11349.68,2024-04-12,150.06,Esportes
52.0,54.0,11349.68,2024-04-15,184.13,Casa
52.0,54.0,11349.68,2024-05-01,804.57,Roupas
52.0,54.0,11349.68,2024-05-27,359.1,Alimentos
52.0,54.0,11349.68,2024-06-08,38.0,Esportes
52.0,54.0,11349.68,2024-08-20,363.61,Eletrônicos
52.0,54.0,11349.68,2024-08-29,339.93,Alimentos
52.0,54.0,11349.68,2024-09-23,490.9,Alimentos
52.0,54.0,11349.68,2024-10-15,953.6,Eletrônicos
52.0,54.0,11349.68,2024-10-31,952.52,Alimentos
52.0,54.0,11349.68,2024-11-05,625.79,Alimentos
52.0,54.0,11349.68,2024-12-24,216.84,Casa
53.0,57.0,5208.74,2024-05-02,50.95,Esportes
53.0,57.0,5208.74,2024-08-10,550.47,Eletrônicos
53.0,57.0,5208.74,2024-09-18,624.27,Roupas
54.0,52.0,7874.9,2024-01-03,59.94,Esportes
54.0,52.0,7874.9,2024-01-12,262.16,Esportes
54.0,52.0,7874.9,2024-01-25,874.35,Esportes
54.0,52.0,7874.9,2024-02-28,657.32,Casa
54.0,52.0,7874.9,2024-03-24,352.66,Casa
54.0,52.0,7874.9,2024-03-24,561.94,Esportes
54.0,52.0,7874.9,2024-05-01,342.44,Alimentos
54.0,52.0,7874.9,2024-06-26,632.8,Roupas
54.0,52.0,7874.9,2024-07-01,62.79,Casa
54.0,52.0,7874.9,2024-07-06,736.96,Casa
54.0,52.0,7874.9,2024-07-22,873.55,Eletrônicos
54.0,52.0,7874.9,2024-07-29,243.89,Roupas
54.0,52.0,7874.9,2024-08-08,793.9,Esportes
54.0,52.0,7874.9,2024-08-25,350.16,Casa
54.0,52.0,7874.9,2024-09-07,494.71,Esportes
54.0,52.0,7874.9,2024-10-26,564.26,Esportes
54.0,52.0,7874.9,2024-11-09,788.16,Casa
54.0,52.0,7874.9,2024-12-17,551.63,Eletrônicos
55.0,54.0,14618.11,2024-01-04,740.64,Eletrônicos
55.0,54.0,14618.11,2024-01-20,514.75,Casa
55.0,54.0,14618.11,2024-01-24,436.98,Alimentos
55.0,54.0,14618.11,2024-02-19,869.69,Alimentos
55.0,54.0,14618.11,2024-04-02,430.03,Roupas
55.0,54.0,14618.11,2024-04-05,596.3,Esportes
55.0,54.0,14618.11,2024-07-25,272.53,Casa
55.0,54.0,14618.11,2024-07-31,732.63,Eletrônicos
55.0,54.0,14618.11,2024-08-30,686.62,Eletrônicos
55.0,54.0,14618.11,2024-11-27,190.71,Eletrônicos
56.0,20.0,11770.6,2024-08-15,875.95,Alimentos
56.0,20.0,11770.6,2024-09-18,661.91,Alimentos
57.0,43.0,4685.8,2024-01-08,417.2,Casa
57.0,43.0,4685.8,2024-01-10,92.03,Esportes
57.0,43.0,4685.8,2024-01-14,971.97,Alimentos
57.0,43.0,4685.8,2024-01-14,524.52,Roupas
57.0,43.0,4685.8,2024-01-18,638.93,Eletrônicos
57.0,43.0,4685.8,2024-02-10,262.29,Roupas
57.0,43.0,4685.8,2024-03-06,860.83,Casa
57.0,43.0,4685.8,2024-03-24,601.09,Eletrônicos
57.0,43.0,4685.8,2024-03-27,639.89,Roupas
57.0,43.0,4685.8,2024-06-12,970.42,Roupas
57.0,43.0,4685.8,2024-07-04,914.12,Eletrônicos
57.0,43.0,4685.8,2024-08-12,148.94,Esportes
57.0,43.0,4685.8,2024-09-17,338.69,Esportes
57.0,43.0,4685.8,2024-09-24,396.17,Alimentos
57.0,43.0,4685.8,2024-10-19,857.3,Casa
57.0,43.0,4685.8,2024-10-29,249.98,Alimentos
57.0,43.0,4685.8,2024-11-11,416.92,Roupas
57.0,43.0,4685.8,2024-11-21,659.08,Roupas
57.0,43.0,4685.8,2024-12-10,970.02,Roupas
58.0,31.0,8166.24,2024-01-01,267.48,Eletrônicos
58.0,31.0,8166.24,2024-03-20,529.38,Casa
58.0,31.0,8166.24,2024-04-17,549.11,Roupas
58.0,31.0,8166.24,2024-04-29,809.56,Eletrônicos
58.0,31.0,8166.24,2024-06-04,866.93,Esportes
58.0,31.0,8166.24,2024-06-13,786.15,Roupas
58.0,31.0,8166.24,2024-06-23,670.53,Alimentos
58.0,31.0,8166.24,2024-09-22,676.0,Esportes
58.0,31.0,8166.24,2024-10-02,596.13,Casa
58.0,31.0,8166.24,2024-10-10,55.94,Casa
58.0,31.0,8166.24,2024-10-11,647.2,Eletrônicos
58.0,31.0,8166.24,2024-10-19,937.87,Roupas
58.0,31.0,8166.24,2024-11-29,75.95,Alimentos
58.0,31.0,8166.24,2024-12-26,442.27,Esportes
59.0,26.0,11093.95,2024-02-28,329.83,Roupas
59.0,26.0,11093.95,2024-06-27,60.74,Roupas
59.0,26.0,11093.95,2024-07-16,196.41,Esportes
60.0,43.0,1843.16,2024-01-08,970.51,Alimentos
60.0,43.0,1843.16,2024-02-08,465.65,Alimentos
60.0,43.0,1843.16,2024-05-05,952.78,Alimentos
60.0,43.0,1843.16,2024-05-05,321.77,Esportes
60.0,43.0,1843.16,2024-06-26,355.8,Alimentos
60.0,43.0,1843.16,2024-08-03,692.25,Casa
60.0,43.0,1843.16,2024-10-02,986.9,Alimentos
60.0,43.0,1843.16,2024-10-20,156.86,Eletrônicos
60.0,43.0,1843.16,2024-11-01,973.64,Casa
60.0,43.0,1843.16,2024-12-01,941.02,Eletrônicos
61.0,30.0,4223.21,2024-09-20,173.04,Alimentos
62.0,49.0,10091.54,2024-01-05,964.08,Casa
62.0,49.0,10091.54,2024-01-26,871.53,Casa
62.0,49.0,10091.54,2024-04-23,259.26,Casa
62.0,49.0,10091.54,2024-06-23,698.77,Alimentos
62.0,49.0,10091.54,2024-08-19,773.15,Eletrônicos
62.0,49.0,10091.54,2024-11-06,979.06,Alimentos
63.0,69.0,9104.22,2024-02-22,673.63,Esportes
63.0,69.0,9104.22,2024-03-13,869.11,Casa
63.0,69.0,9104.22,2024-07-10,67.25,Esportes
63.0,69.0,9104.22,2024-08-07,176.1,Eletrônicos
63.0,69.0,9104.22,2024-10-13,665.71,Eletrônicos
63.0,69.0,9104.22,2024-10-15,608.6,Alimentos
63.0,69.0,9104.22,2024-12-10,695.74,Casa
63.0,69.0,9104.22,2024-12-26,124.46,Eletrônicos
64.0,21.0,13752.15,2024-03-16,617.64,Alimentos
64.0,21.0,13752.15,2024-03-17,302.91,Casa
64.0,21.0,13752.15,2024-03-22,880.33,Eletrônicos
64.0,21.0,13752.15,2024-04-11,340.49,Eletrônicos
64.0,21.0,13752.15,2024-04-11,449.41,Eletrônicos
64.0,21.0,13752.15,2024-05-22,701.56,Alimentos
64.0,21.0,13752.15,2024-07-31,338.09,Eletrônicos
64.0,21.0,13752.15,2024-09-23,611.38,Esportes
64.0,21.0,13752.15,2024-09-25,786.74,Alimentos
64.0,21.0,13752.15,2024-10-05,446.87,Roupas
64.0,21.0,13752.15,2024-10-17,242.72,Alimentos
64.0,21.0,13752.15,2024-10-31,554.77,Roupas
64.0,21.0,13752.15,2024-11-05,656.09,Casa
64.0,21.0,13752.15,2024-11-11,557.53,Eletrônicos
64.0,21.0,13752.15,2024-11-19,657.5,Eletrônicos
64.0,21.0,13752.15,2024-11-26,388.16,Alimentos
65.0,40.0,9659.63,2024-01-21,211.86,Esportes
65.0,40.0,9659.63,2024-02-12,769.59,Esportes
65.0,40.0,9659.63,2024-04-26,817.49,Roupas
65.0,40.0,9659.63,2024-05-03,955.57,Roupas
65.0,40.0,9659.63,2024-06-01,392.59,Casa
65.0,40.0,9659.63,2024-09-21,392.19,Roupas
65.0,40.0,9659.63,2024-10-08,952.45,Alimentos
65.0,40.0,9659.63,2024-10-18,928.49,Roupas
65.0,40.0,9659.63,2024-10-26,487.16,Alimentos
65.0,40.0,9659.63,2024-10-30,588.57,Alimentos
65.0,40.0,9659.63,2024-11-21,751.94,Casa
65.0,40.0,9659.63,2024-11-25,764.16,Roupas
65.0,40.0,9659.63,2024-12-01,654.53,Casa
65.0,40.0,9659.63,2024-12-29,956.41,Casa
66.0,32.0,11699.94,2024-02-21,676.69,Casa
66.0,32.0,11699.94,2024-03-14,803.79,Roupas
66.0,32.0,11699.94,2024-03-17,425.28,Alimentos
66.0,32.0,11699.94,2024-03-24,493.87,Casa
66.0,32.0,11699.94,2024-04-15,618.13,Roupas
66.0,32.0,11699.94,2024-05-25,411.91,Alimentos
66.0,32.0,11699.94,2024-06-05,806.97,Roupas
66.0,32.0,11699.94,2024-06-07,714.87,Esportes
66.0,32.0,11699.94,2024-09-19,687.5,Alimentos
66.0,32.0,11699.94,2024-10-01,119.39,Casa
66.0,32.0,11699.94,2024-10-17,589.31,Eletrônicos
66.0,32.0,11699.94,2024-10-24,919.4,Alimentos
66.0,32.0,11699.94,2024-11-07,797.54,Alimentos
66.0,32.0,11699.94,2024-11-19,935.75,Roupas
66.0,32.0,11699.94,2024-12-10,532.03,Esportes
67.0,53.0,14228.52,2024-01-09,653.67,Alimentos
67.0,53.0,14228.52,2024-04-27,524.87,Esportes
67.0,53.0,14228.52,2024-04-30,843.06,Casa
67.0,53.0,14228.52,2024-05-20,609.58,Casa
67.0,53.0,14228.52,2024-06-21,640.49,Esportes
67.0,53.0,14228.52,2024-08-07,243.52,Eletrônicos
67.0,53.0,14228.52,2024-11-05,559.22,Casa
68.0,24.0,5411.64,2024-01-19,854.15,Roupas
68.0,24.0,5411.64,2024-02-18,742.14,Alimentos
68.0,24.0,5411.64,2024-03-08,289.31,Roupas
68.0,24.0,5411.64,2024-05-25,771.32,Eletrônicos
68.0,24.0,5411.64,2024-05-31,366.35,Eletrônicos
68.0,24.0,5411.64,2024-06-02,270.53,Casa
68.0,24.0,5411.64,2024-06-15,674.2,Casa
68.0,24.0,5411.64,2024-08-29,169.92,Esportes
69.0,39.0,13386.32,2024-05-29,43.17,Casa
69.0,39.0,13386.32,2024-06-09,232.41,Eletrônicos
70.0,59.0,12409.63,2024-01-19,611.16,Casa
70.0,59.0,12409.63,2024-02-05,103.95,Eletrônicos
70.0,59.0,12409.63,2024-02-11,439.64,Alimentos
70.0,59.0,12409.63,2024-03-10,367.9,Eletrônicos
70.0,59.0,12409.63,2024-03-13,336.9,Alimentos
70.0,59.0,12409.63,2024-03-18,639.38,Eletrônicos
70.0,59.0,12409.63,2024-03-25,682.32,Alimentos
70.0,59.0,12409.63,2024-04-11,586.82,Casa
70.0,59.0,12409.63,2024-06-08,645.2,Alimentos
70.0,59.0,12409.63,2024-06-15,730.03,Eletrônicos
70.0,59.0,12409.63,2024-06-15,777.17,Alimentos
70.0,59.0,12409.63,2024-09-10,158.94,Esportes
70.0,59.0,12409.63,2024-10-06,145.83,Alimentos
70.0,59.0,12409.63,2024-11-15,153.71,Eletrônicos
70.0,59.0,12409.63,2024-12-18,603.84,Alimentos
71.0,23.0,7663.22,2024-01-27,647.36,Esportes
71.0,23.0,7663.22,2024-05-09,676.21,Roupas
71.0,23.0,7663.22,2024-09-20,882.48,Alimentos
71.0,23.0,7663.22,2024-09-25,528.68,Casa
72.0,61.0,4018.7,2024-01-12,360.62,Alimentos
72.0,61.0,4018.7,2024-02-05,962.43,Eletrônicos
72.0,61.0,4018.7,2024-02-27,346.34,Casa
72.0,61.0,4018.7,2024-03-07,542.3,Eletrônicos
72.0,61.0,4018.7,2024-04-13,39.63,Esportes
72.0,61.0,4018.7,2024-05-15,799.54,Roupas
72.0,61.0,4018.7,2024-05-23,394.88,Casa
72.0,61.0,4018.7,2024-05-29,571.05,Roupas
72.0,61.0,4018.7,2024-06-06,461.36,Alimentos
72.0,61.0,4018.7,2024-06-20,668.6,Eletrônicos
72.0,61.0,4018.7,2024-07-27,995.57,Roupas
72.0,61.0,4018.7,2024-10-05,411.33,Eletrônicos
72.0,61.0,4018.7,2024-10-12,346.9,Eletrônicos
72.0,61.0,4018.7,2024-10-13,759.74,Esportes
72.0,61.0,4018.7,2024-11-06,545.11,Eletrônicos
72.0,61.0,4018.7,2024-11-16,845.19,Roupas
72.0,61.0,4018.7,2024-11-21,71.29,Casa
72.0,61.0,4018.7,2024-12-25,773.23,Roupas
73.0,47.0,13424.28,2024-04-23,354.84,Roupas
73.0,47.0,13424.28,2024-08-13,81.85,Roupas
73.0,47.0,13424.28,2024-08-18,867.39,Eletrônicos
73.0,47.0,13424.28,2024-09-28,516.7,Roupas
73.0,47.0,13424.28,2024-10-18,317.07,Roupas
73.0,47.0,13424.28,2024-12-26,105.89,Alimentos
74.0,45.0,6310.02,2024-01-12,931.98,Roupas
74.0,45.0,6310.02,2024-02-11,548.94,Alimentos
74.0,45.0,6310.02,2024-04-10,403.22,Esportes
74.0,45.0,6310.02,2024-05-22,992.31,Eletrônicos
74.0,45.0,6310.02,2024-07-08,458.26,Eletrônicos
74.0,45.0,6310.02,2024-07-14,875.87,Casa
74.0,45.0,6310.02,2024-09-18,921.0,Casa
74.0,45.0,6310.02,2024-10-17,680.82,Eletrônicos
74.0,45.0,6310.02,2024-11-26,828.78,Casa
75.0,50.0,5173.79,2024-01-14,99.3,Alimentos
75.0,50.0,5173.79,2024-03-07,794.23,Alimentos
75.0,50.0,5173.79,2024-05-09,239.14,Esportes
75.0,50.0,5173.79,2024-06-06,726.99,Eletrônicos
75.0,50.0,5173.79,2024-06-11,190.05,Esportes
75.0,50.0,5173.79,2024-07-24,976.1,Eletrônicos
75.0,50.0,5173.79,2024-09-12,934.08,Roupas
75.0,50.0,5173.79,2024-09-26,156.41,Alimentos
75.0,50.0,5173.79,2024-10-07,489.77,Esportes
75.0,50.0,5173.79,2024-10-15,924.3,Esportes
76.0,44.0,7265.96,2024-01-05,785.15,Alimentos
76.0,44.0,7265.96,2024-01-25,672.98,Alimentos
76.0,44.0,7265.96,2024-01-25,247.9,Eletrônicos
76.0,44.0,7265.96,2024-02-25,311.41,Roupas
76.0,44.0,7265.96,2024-03-23,187.25,Eletrônicos
76.0,44.0,7265.96,2024-04-01,325.58,Roupas
76.0,44.0,7265.96,2024-05-30,168.98,Roupas
76.0,44.0,7265.96,2024-06-08,231.72,Esportes
76.0,44.0,7265.96,2024-06-21,558.54,Eletrônicos
76.0,44.0,7265.96,2024-09-10,610.5,Roupas
76.0,44.0,7265.96,2024-09-22,227.52,Alimentos
76.0,44.0,7265.96,2024-09-23,759.17,Eletrônicos
76.0,44.0,7265.96,2024-10-14,139.59,Casa
76.0,44.0,7265.96,2024-11-05,832.75,Alimentos
76.0,44.0,7265.96,2024-11-11,854.42,Alimentos
76.0,44.0,7265.96,2024-11-29,878.58,Casa
77.0,69.0,6259.68,2024-04-25,416.7,Eletrônicos
77.0,69.0,6259.68,2024-05-03,851.06,Casa
77.0,69.0,6259.68,2024-06-04,317.21,Eletrônicos
77.0,69.0,6259.68,2024-06-26,148.1,Alimentos
77.0,69.0,6259.68,2024-09-08,625.69,Roupas
77.0,69.0,6259.68,2024-09-16,996.76,Casa
77.0,69.0,6259.68,2024-09-19,698.32,Alimentos
77.0,69.0,6259.68,2024-09-29,247.99,Eletrônicos
77.0,69.0,6259.68,2024-11-03,190.28,Alimentos
78.0,20.0,1593.85,2024-01-07,534.99,Roupas
78.0,20.0,1593.85,2024-01-14,193.35,Esportes
78.0,20.0,1593.85,2024-03-26,964.55,Roupas
79.0,25.0,8710.21,2024-03-02,491.72,Alimentos
79.0,25.0,8710.21,2024-09-02,794.53,Casa
80.0,54.0,10847.89,2024-03-05,337.03,Roupas
80.0,54.0,10847.89,2024-04-21,742.61,Roupas
80.0,54.0,10847.89,2024-04-26,498.48,Casa
80.0,54.0,10847.89,2024-06-21,61.78,Roupas
80.0,54.0,10847.89,2024-06-29,805.51,Casa
80.0,54.0,10847.89,2024-07-06,653.17,Casa
80.0,54.0,10847.89,2024-07-14,867.37,Esportes
80.0,54.0,10847.89,2024-08-29,636.71,Casa
80.0,54.0,10847.89,2024-11-03,280.7,Eletrônicos
80.0,54.0,10847.89,2024-11-09,205.9,Roupas
81.0,59.0,6057.8,2024-01-10,931.71,Eletrônicos
81.0,59.0,6057.8,2024-01-17,665.52,Eletrônicos
81.0,59.0,6057.8,2024-02-11,789.32,Eletrônicos
81.0,59.0,6057.8,2024-02-17,269.58,Alimentos
81.0,59.0,6057.8,2024-04-22,956.23,Roupas
81.0,59.0,6057.8,2024-05-08,812.71,Roupas
81.0,59.0,6057.8,2024-08-14,388.37,Casa
81.0,59.0,6057.8,2024-08-19,472.25,Esportes
82.0,32.0,3771.93,2024-03-09,742.69,Casa
82.0,32.0,3771.93,2024-03-19,891.6,Esportes
82.0,32.0,3771.93,2024-03-27,686.62,Esportes
82.0,32.0,3771.93,2024-03-27,722.0,Roupas
82.0,32.0,3771.93,2024-04-18,806.09,Esportes
82.0,32.0,3771.93,2024-05-27,742.76,Alimentos
82.0,32.0,3771.93,2024-05-31,54.86,Esportes
82.0,32.0,3771.93,2024-08-01,643.94,Esportes
82.0,32.0,3771.93,2024-09-03,666.17,Casa
82.0,32.0,3771.93,2024-11-28,57.26,Eletrônicos
82.0,32.0,3771.93,2024-12-08,528.04,Esportes
83.0,49.0,8503.67,2024-01-28,367.74,Alimentos
83.0,49.0,8503.67,2024-02-18,270.31,Esportes
83.0,49.0,8503.67,2024-04-28,61.11,Eletrônicos
83.0,49.0,8503.67,2024-05-15,773.84,Casa
83.0,49.0,8503.67,2024-05-17,40.53,Esportes
83.0,49.0,8503.67,2024-06-17,960.63,Esportes
83.0,49.0,8503.67,2024-07-29,668.14,Alimentos
83.0,49.0,8503.67,2024-08-07,900.92,Eletrônicos
83.0,49.0,8503.67,2024-08-15,362.71,Esportes
83.0,49.0,8503.67,2024-09-17,558.62,Eletrônicos
83.0,49.0,8503.67,2024-09-22,802.74,Roupas
83.0,49.0,8503.67,2024-11-19,779.14,Eletrônicos
83.0,49.0,8503.67,2024-11-24,394.3,Alimentos
83.0,49.0,8503.67,2024-12-17,87.34,Casa
84.0,58.0,6951.79,2024-01-11,62.86,Eletrônicos
84.0,58.0,6951.79,2024-04-23,944.21,Esportes
84.0,58.0,6951.79,2024-05-01,819.63,Eletrônicos
84.0,58.0,6951.79,2024-06-22,32.46,Alimentos
84.0,58.0,6951.79,2024-07-01,113.11,Eletrônicos
84.0,58.0,6951.79,2024-07-31,682.46,Esportes
84.0,58.0,6951.79,2024-09-25,590.77,Casa
84.0,58.0,6951.79,2024-09-29,929.52,Esportes
84.0,58.0,6951.79,2024-10-14,663.35,Alimentos
84.0,58.0,6951.79,2024-11-10,559.09,Roupas
84.0,58.0,6951.79,2024-12-12,980.37,Casa
84.0,58.0,6951.79,2024-12-16,530.35,Eletrônicos
85.0,66.0,4927.86,2024-01-18,643.35,Eletrônicos
85.0,66.0,4927.86,2024-03-26,758.12,Eletrônicos
85.0,66.0,4927.86,2024-05-14,196.98,Roupas
85.0,66.0,4927.86,2024-05-28,978.83,Roupas
85.0,66.0,4927.86,2024-08-11,193.88,Esportes
85.0,66.0,4927.86,2024-09-24,920.55,Eletrônicos
85.0,66.0,4927.86,2024-10-28,733.92,Eletrônicos
86.0,29.0,4899.06,2024-01-03,311.6,Alimentos
86.0,29.0,4899.06,2024-01-03,991.97,Eletrônicos
86.0,29.0,4899.06,2024-01-19,168.54,Esportes
86.0,29.0,4899.06,2024-01-30,875.86,Casa
86.0,29.0,4899.06,2024-03-28,355.54,Eletrônicos
86.0,29.0,4899.06,2024-04-20,177.63,Eletrônicos
86.0,29.0,4899.06,2024-05-08,746.88,Alimentos
86.0,29.0,4899.06,2024-07-04,29.14,Eletrônicos
86.0,29.0,4899.06,2024-07-07,748.56,Roupas
86.0,29.0,4899.06,2024-09-14,149.09,Roupas
86.0,29.0,4899.06,2024-10-04,551.39,Esportes
86.0,29.0,4899.06,2024-10-07,765.9,Casa
86.0,29.0,4899.06,2024-10-09,965.83,Eletrônicos
87.0,19.0,11115.65,2024-01-10,747.5,Alimentos
87.0,19.0,11115.65,2024-01-13,547.92,Roupas
87.0,19.0,11115.65,2024-03-06,368.28,Esportes
87.0,19.0,11115.65,2024-03-26,851.09,Roupas
87.0,19.0,11115.65,2024-08-11,882.22,Eletrônicos
87.0,19.0,11115.65,2024-10-28,623.67,Roupas
87.0,19.0,11115.65,2024-11-09,54.61,Alimentos
87.0,19.0,11115.65,2024-12-19,219.95,Casa
88.0,54.0,5345.35,2024-01-14,754.55,Alimentos
88.0,54.0,5345.35,2024-01-14,728.94,Casa
88.0,54.0,5345.35,2024-01-20,340.39,Esportes
88.0,54.0,5345.35,2024-01-20,784.79,Casa
88.0,54.0,5345.35,2024-01-20,414.28,Esportes
88.0,54.0,5345.35,2024-02-07,183.55,Alimentos
88.0,54.0,5345.35,2024-02-24,708.88,Roupas
88.0,54.0,5345.35,2024-03-10,879.12,Eletrônicos
88.0,54.0,5345.35,2024-03-11,491.35,Alimentos
88.0,54.0,5345.35,2024-04-10,142.22,Eletrônicos
88.0,54.0,5345.35,2024-04-20,459.64,Esportes
88.0,54.0,5345.35,2024-07-06,798.31,Esportes
88.0,54.0,5345.35,2024-08-14,155.07,Casa
88.0,54.0,5345.35,2024-08-16,588.38,Eletrônicos
88.0,54.0,5345.35,2024-08-17,424.37,Casa
88.0,54.0,5345.35,2024-08-30,845.13,Roupas
88.0,54.0,5345.35,2024-12-24,23.15,Eletrônicos
89.0,34.0,5101.54,2024-06-06,808.89,Alimentos
89.0,34.0,5101.54,2024-06-07,42.47,Casa
90.0,19.0,8286.17,2024-03-01,980.05,Eletrônicos
90.0,19.0,8286.17,2024-04-18,751.01,Alimentos
90.0,19.0,8286.17,2024-04-22,606.26,Eletrônicos
90.0,19.0,8286.17,2024-05-03,396.16,Eletrônicos
90.0,19.0,8286.17,2024-05-16,951.31,Alimentos
90.0,19.0,8286.17,2024-05-25,383.99,Casa
90.0,19.0,8286.17,2024-06-21,164.5,Eletrônicos
90.0,19.0,8286.17,2024-07-01,740.8,Eletrônicos
90.0,19.0,8286.17,2024-07-16,643.45,Alimentos
90.0,19.0,8286.17,2024-07-16,991.3,Roupas
90.0,19.0,8286.17,2024-07-29,77.38,Casa
90.0,19.0,8286.17,2024-08-27,194.69,Esportes
90.0,19.0,8286.17,2024-09-07,771.26,Alimentos
90.0,19.0,8286.17,2024-10-27,190.01,Esportes
90.0,19.0,8286.17,2024-10-31,643.76,Eletrônicos
90.0,19.0,8286.17,2024-11-08,934.45,Esportes
90.0,19.0,8286.17,2024-11-09,713.53,Roupas
90.0,19.0,8286.17,2024-11-20,200.79,Casa
90.0,19.0,8286.17,2024-12-21,526.92,Eletrônicos
91.0,40.0,5261.73,2024-04-16,43.71,Eletrônicos
91.0,40.0,5261.73,2024-07-16,527.72,Casa
91.0,40.0,5261.73,2024-09-10,594.75,Roupas
92.0,50.0,10063.74,2024-01-31,924.17,Alimentos
92.0,50.0,10063.74,2024-02-04,441.06,Casa
92.0,50.0,10063.74,2024-02-05,33.13,Alimentos
92.0,50.0,10063.74,2024-02-18,446.48,Casa
92.0,50.0,10063.74,2024-02-20,941.87,Esportes
92.0,50.0,10063.74,2024-03-09,845.09,Casa
92.0,50.0,10063.74,2024-03-10,638.55,Casa
92.0,50.0,10063.74,2024-04-09,770.2,Esportes
92.0,50.0,10063.74,2024-05-05,733.38,Roupas
92.0,50.0,10063.74,2024-05-08,784.61,Alimentos
92.0,50.0,10063.74,2024-06-30,240.72,Casa
92.0,50.0,10063.74,2024-07-10,493.31,Alimentos
92.0,50.0,10063.74,2024-12-29,152.65,Eletrônicos
93.0,19.0,8667.62,2024-01-07,104.7,Eletrônicos
93.0,19.0,8667.62,2024-01-21,541.77,Esportes
93.0,19.0,8667.62,2024-03-10,84.06,Alimentos
93.0,19.0,8667.62,2024-04-15,296.54,Eletrônicos
93.0,19.0,8667.62,2024-04-15,847.89,Esportes
93.0,19.0,8667.62,2024-04-16,81.4,Alimentos
93.0,19.0,8667.62,2024-06-08,670.51,Alimentos
93.0,19.0,8667.62,2024-08-07,290.21,Alimentos
93.0,19.0,8667.62,2024-08-07,791.38,Esportes
93.0,19.0,8667.62,2024-09-06,570.75,Alimentos
93.0,19.0,8667.62,2024-10-27,856.03,Roupas
93.0,19.0,8667.62,2024-12-01,383.78,Esportes
94.0,43.0,14806.28,2024-01-28,728.36,Esportes
94.0,43.0,14806.28,2024-03-01,242.86,Roupas
94.0,43.0,14806.28,2024-03-09,661.09,Esportes
94.0,43.0,14806.28,2024-05-21,736.2,Alimentos
94.0,43.0,14806.28,2024-06-02,430.42,Roupas
94.0,43.0,14806.28,2024-06-09,168.22,Eletrônicos
94.0,43.0,14806.28,2024-06-17,795.87,Roupas
94.0,43.0,14806.28,2024-07-14,429.63,Esportes
94.0,43.0,14806.28,2024-07-17,405.58,Eletrônicos
94.0,43.0,14806.28,2024-08-05,207.37,Alimentos
94.0,43.0,14806.28,2024-10-15,532.92,Eletrônicos
94.0,43.0,14806.28,2024-10-31,474.65,Eletrônicos
94.0,43.0,14806.28,2024-11-09,979.96,Esportes
94.0,43.0,14806.28,2024-11-22,690.08,Roupas
94.0,43.0,14806.28,2024-12-10,948.1,Alimentos
95.0,49.0,9501.41,2024-01-02,670.9,Esportes
95.0,49.0,9501.41,2024-01-17,620.64,Esportes
95.0,49.0,9501.41,2024-01-20,553.95,Casa
95.0,49.0,9501.41,2024-02-01,273.45,Alimentos
95.0,49.0,9501.41,2024-02-26,675.64,Esportes
95.0,49.0,9501.41,2024-03-08,761.62,Casa
95.0,49.0,9501.41,2024-03-16,81.03,Alimentos
95.0,49.0,9501.41,2024-04-07,864.75,Eletrônicos
95.0,49.0,9501.41,2024-05-04,754.3,Eletrônicos
95.0,49.0,9501.41,2024-05-17,978.5,Esportes
95.0,49.0,9501.41,2024-07-16,849.98,Eletrônicos
95.0,49.0,9501.41,2024-08-01,37.59,Eletrônicos
95.0,49.0,9501.41,2024-08-01,178.39,Alimentos
95.0,49.0,9501.41,2024-08-19,880.27,Casa
95.0,49.0,9501.41,2024-08-30,790.55,Alimentos
95.0,49.0,9501.41,2024-10-20,810.28,Alimentos
95.0,49.0,9501.41,2024-11-25,182.46,Esportes
96.0,28.0,6490.34,2024-01-26,566.82,Esportes
96.0,28.0,6490.34,2024-02-13,547.93,Casa
96.0,28.0,6490.34,2024-02-16,211.92,Eletrônicos
96.0,28.0,6490.34,2024-03-06,83.9,Roupas
96.0,28.0,6490.34,2024-03-25,326.1,Alimentos
96.0,28.0,6490.34,2024-06-16,985.29,Eletrônicos
96.0,28.0,6490.34,2024-06-26,111.54,Alimentos
96.0,28.0,6490.34,2024-07-15,965.19,Roupas
96.0,28.0,6490.34,2024-08-14,123.36,Esportes
96.0,28.0,6490.34,2024-08-25,542.37,Esportes
96.0,28.0,6490.34,2024-09-10,356.79,Eletrônicos
96.0,28.0,6490.34,2024-09-24,532.86,Roupas
96.0,28.0,6490.34,2024-10-05,825.66,Eletrônicos
96.0,28.0,6490.34,2024-10-23,586.04,Esportes
97.0,34.0,11330.92,2024-01-08,896.11,Roupas
97.0,34.0,11330.92,2024-06-24,169.06,Eletrônicos
97.0,34.0,11330.92,2024-08-07,217.98,Casa
97.0,34.0,11330.92,2024-09-02,859.74,Casa
97.0,34.0,11330.92,2024-09-15,899.24,Eletrônicos
97.0,34.0,11330.92,2024-09-16,802.62,Roupas
97.0,34.0,11330.92,2024-09-24,182.71,Roupas
97.0,34.0,11330.92,2024-11-11,701.98,Eletrônicos
97.0,34.0,11330.92,2024-12-01,860.04,Alimentos
97.0,34.0,11330.92,2024-12-28,983.85,Alimentos
98.0,41.0,7849.06,2024-01-12,744.94,Alimentos
98.0,41.0,7849.06,2024-01-16,988.65,Esportes
98.0,41.0,7849.06,2024-01-21,730.68,Casa
98.0,41.0,7849.06,2024-02-28,178.99,Alimentos
98.0,41.0,7849.06,2024-04-11,980.19,Alimentos
98.0,41.0,7849.06,2024-04-18,984.43,Roupas
98.0,41.0,7849.06,2024-05-10,536.85,Esportes
98.0,41.0,7849.06,2024-06-10,182.64,Roupas
98.0,41.0,7849.06,2024-10-09,693.12,Alimentos
99.0,51.0,10052.65,2024-05-12,973.99,Casa
99.0,51.0,10052.65,2024-06-02,97.82,Alimentos
100.0,28.0,12521.83,2024-02-10,744.88,Eletrônicos
100.0,28.0,12521.83,2024-05-10,882.23,Roupas
100.0,28.0,12521.83,2024-05-13,716.04,Roupas
100.0,28.0,12521.83,2024-06-11,159.13,Eletrônicos
100.0,28.0,12521.83,2024-07-31,269.24,Esportes
100.0,28.0,12521.83,2024-08-05,118.62,Alimentos
100.0,28.0,12521.83,2024-10-03,130.68,Roupas
100.0,28.0,12521.83,2024-10-12,190.29,Casa
100.0,28.0,12521.83,2024-12-29,470.08,Casa
101.0,33.0,12776.58,2024-01-01,840.3,Alimentos
101.0,33.0,12776.58,2024-02-08,811.25,Esportes
101.0,33.0,12776.58,2024-03-07,700.27,Esportes
101.0,33.0,12776.58,2024-04-17,481.86,Roupas
101.0,33.0,12776.58,2024-05-29,743.31,Eletrônicos
101.0,33.0,12776.58,2024-07-09,87.14,Roupas
101.0,33.0,12776.58,2024-07-19,662.18,Roupas
101.0,33.0,12776.58,2024-09-04,88.25,Eletrônicos
101.0,33.0,12776.58,2024-09-08,671.69,Eletrônicos
101.0,33.0,12776.58,2024-09-27,268.9,Eletrônicos
101.0,33.0,12776.58,2024-09-28,124.22,Esportes
101.0,33.0,12776.58,2024-10-05,628.51,Casa
101.0,33.0,12776.58,2024-10-15,143.74,Eletrônicos
101.0,33.0,12776.58,2024-10-28,764.06,Casa
101.0,33.0,12776.58,2024-10-29,319.2,Eletrônicos
101.0,33.0,12776.58,2024-11-08,317.87,Eletrônicos
101.0,33.0,12776.58,2024-11-09,621.5,Alimentos
101.0,33.0,12776.58,2024-12-08,95.54,Roupas
102.0,23.0,10893.47,2024-01-30,806.31,Esportes
102.0,23.0,10893.47,2024-02-15,471.15,Esportes
102.0,23.0,10893.47,2024-03-03,568.0,Roupas
102.0,23.0,10893.47,2024-03-23,973.32,Alimentos
102.0,23.0,10893.47,2024-03-24,37.64,Eletrônicos
102.0,23.0,10893.47,2024-03-31,401.96,Alimentos
102.0,23.0,10893.47,2024-04-09,393.98,Alimentos
102.0,23.0,10893.47,2024-04-11,294.44,Roupas
102.0,23.0,10893.47,2024-04-24,909.05,Esportes
102.0,23.0,10893.47,2024-04-29,709.61,Alimentos
102.0,23.0,10893.47,2024-05-03,832.81,Esportes
102.0,23.0,10893.47,2024-06-21,963.55,Esportes
102.0,23.0,10893.47,2024-07-08,392.79,Alimentos
102.0,23.0,10893.47,2024-09-07,20.18,Esportes
102.0,23.0,10893.47,2024-10-01,808.81,Eletrônicos
102.0,23.0,10893.47,2024-10-01,875.3,Roupas
102.0,23.0,10893.47,2024-11-12,86.97,Eletrônicos
102.0,23.0,10893.47,2024-12-09,46.63,Eletrônicos
103.0,20.0,9477.05,2024-02-19,581.88,Casa
103.0,20.0,9477.05,2024-03-02,798.69,Roupas
103.0,20.0,9477.05,2024-03-29,828.04,Casa
103.0,20.0,9477.05,2024-04-29,201.62,Esportes
103.0,20.0,9477.05,2024-05-04,601.36,Roupas
103.0,20.0,9477.05,2024-05-28,82.37,Esportes
103.0,20.0,9477.05,2024-06-06,440.6,Alimentos
103.0,20.0,9477.05,2024-06-09,479.39,Esportes
103.0,20.0,9477.05,2024-06-20,132.63,Casa
103.0,20.0,9477.05,2024-07-01,540.69,Alimentos
103.0,20.0,9477.05,2024-07-14,83.2,Alimentos
103.0,20.0,9477.05,2024-09-20,879.72,Eletrônicos
103.0,20.0,9477.05,2024-09-23,995.53,Roupas
103.0,20.0,9477.05,2024-10-02,235.82,Casa
103.0,20.0,9477.05,2024-10-12,65.2,Esportes
103.0,20.0,9477.05,2024-11-04,311.29,Alimentos
103.0,20.0,9477.05,2024-11-29,748.33,Esportes
104.0,53.0,1723.94,2024-01-08,527.1,Roupas
104.0,53.0,1723.94,2024-02-07,599.86,Esportes
104.0,53.0,1723.94,2024-06-22,778.4,Roupas
104.0,53.0,1723.94,2024-08-03,956.71,Alimentos
104.0,53.0,1723.94,2024-08-19,949.15,Casa
104.0,53.0,1723.94,2024-11-03,454.51,Eletrônicos
104.0,53.0,1723.94,2024-11-19,871.18,Casa
104.0,53.0,1723.94,2024-11-27,912.46,Roupas
104.0,53.0,1723.94,2024-12-26,354.0,Roupas
105.0,20.0,12428.26,2024-02-18,27.51,Esportes
105.0,20.0,12428.26,2024-03-01,483.04,Alimentos
105.0,20.0,12428.26,2024-03-16,497.91,Esportes
105.0,20.0,12428.26,2024-03-27,418.83,Casa
105.0,20.0,12428.26,2024-04-02,483.51,Esportes
105.0,20.0,12428.26,2024-05-11,682.9,Esportes
105.0,20.0,12428.26,2024-05-20,546.27,Esportes
105.0,20.0,12428.26,2024-06-10,483.44,Casa
105.0,20.0,12428.26,2024-07-08,836.65,Eletrônicos
105.0,20.0,12428.26,2024-08-01,269.3,Alimentos
105.0,20.0,12428.26,2024-08-05,909.23,Eletrônicos
105.0,20.0,12428.26,2024-10-17,458.52,Eletrônicos
105.0,20.0,12428.26,2024-12-05,222.85,Casa
105.0,20.0,12428.26,2024-12-07,277.42,Esportes
105.0,20.0,12428.26,2024-12-13,122.14,Casa
105.0,20.0,12428.26,2024-12-18,352.08,Roupas
105.0,20.0,12428.26,2024-12-20,212.18,Alimentos
105.0,20.0,12428.26,2024-12-26,516.14,Casa
105.0,20.0,12428.26,2024-12-27,972.1,Casa
106.0,37.0,10209.83,2024-01-01,402.07,Eletrônicos
106.0,37.0,10209.83,2024-01-17,131.56,Alimentos
106.0,37.0,10209.83,2024-01-19,422.8,Roupas
106.0,37.0,10209.83,2024-02-06,298.87,Casa
106.0,37.0,10209.83,2024-03-30,955.96,Casa
106.0,37.0,10209.83,2024-04-18,615.75,Roupas
106.0,37.0,10209.83,2024-05-06,289.24,Alimentos
106.0,37.0,10209.83,2024-05-26,461.59,Casa
106.0,37.0,10209.83,2024-06-01,643.67,Esportes
106.0,37.0,10209.83,2024-07-01,876.74,Esportes
106.0,37.0,10209.83,2024-07-10,522.41,Casa
106.0,37.0,10209.83,2024-07-10,708.21,Casa
106.0,37.0,10209.83,2024-08-20,409.07,Alimentos
106.0,37.0,10209.83,2024-08-27,310.79,Roupas
106.0,37.0,10209.83,2024-09-06,726.97,Alimentos
106.0,37.0,10209.83,2024-11-02,882.27,Casa
106.0,37.0,10209.83,2024-12-28,63.5,Roupas
107.0,69.0,14197.06,2024-02-20,915.02,Roupas
107.0,69.0,14197.06,2024-03-24,902.31,Esportes
107.0,69.0,14197.06,2024-04-14,653.52,Roupas
107.0,69.0,14197.06,2024-05-06,669.41,Casa
107.0,69.0,14197.06,2024-05-22,754.85,Esportes
107.0,69.0,14197.06,2024-05-26,604.4,Roupas
107.0,69.0,14197.06,2024-08-02,59.75,Casa
107.0,69.0,14197.06,2024-09-14,675.2,Casa
107.0,69.0,14197.06,2024-09-22,512.11,Eletrônicos
107.0,69.0,14197.06,2024-11-02,601.79,Roupas
107.0,69.0,14197.06,2024-11-19,396.16,Eletrônicos
107.0,69.0,14197.06,2024-11-27,98.58,Alimentos
107.0,69.0,14197.06,2024-12-05,692.86,Esportes
108.0,57.0,6720.93,2024-01-28,188.41,Esportes
108.0,57.0,6720.93,2024-03-21,700.98,Alimentos
108.0,57.0,6720.93,2024-04-02,85.11,Casa
108.0,57.0,6720.93,2024-06-03,746.16,Alimentos
108.0,57.0,6720.93,2024-09-24,309.14,Casa
108.0,57.0,6720.93,2024-11-16,102.7,Eletrônicos
108.0,57.0,6720.93,2024-12-15,159.29,Esportes
109.0,35.0,12809.09,2024-01-23,332.49,Esportes
109.0,35.0,12809.09,2024-02-17,32.06,Casa
109.0,35.0,12809.09,2024-02-18,231.73,Casa
109.0,35.0,12809.09,2024-03-13,320.19,Roupas
109.0,35.0,12809.09,2024-04-08,96.06,Casa
109.0,35.0,12809.09,2024-04-16,441.33,Casa
109.0,35.0,12809.09,2024-05-01,598.48,Alimentos
109.0,35.0,12809.09,2024-06-15,521.45,Roupas
109.0,35.0,12809.09,2024-07-13,860.41,Esportes
109.0,35.0,12809.09,2024-10-05,820.39,Esportes
109.0,35.0,12809.09,2024-10-20,848.69,Esportes
109.0,35.0,12809.09,2024-11-08,46.87,Esportes
109.0,35.0,12809.09,2024-11-30,764.16,Roupas
109.0,35.0,12809.09,2024-12-22,140.54,Eletrônicos
109.0,35.0,12809.09,2024-12-29,802.41,Alimentos
110.0,28.0,6104.4,2024-01-07,159.74,Esportes
110.0,28.0,6104.4,2024-02-16,171.37,Eletrônicos
110.0,28.0,6104.4,2024-02-25,766.67,Esportes
110.0,28.0,6104.4,2024-05-05,604.07,Eletrônicos
110.0,28.0,6104.4,2024-06-05,526.89,Esportes
111.0,42.0,4322.47,2024-01-31,694.51,Eletrônicos
111.0,42.0,4322.47,2024-02-04,890.64,Roupas
111.0,42.0,4322.47,2024-03-15,153.07,Casa
111.0,42.0,4322.47,2024-05-01,133.82,Casa
111.0,42.0,4322.47,2024-06-02,58.22,Casa
111.0,42.0,4322.47,2024-06-18,387.31,Eletrônicos
111.0,42.0,4322.47,2024-06-24,233.53,Esportes
111.0,42.0,4322.47,2024-07-14,994.96,Casa
111.0,42.0,4322.47,2024-07-19,984.33,Eletrônicos
111.0,42.0,4322.47,2024-07-22,568.49,Alimentos
111.0,42.0,4322.47,2024-08-21,407.53,Roupas
111.0,42.0,4322.47,2024-09-01,303.46,Roupas
111.0,42.0,4322.47,2024-09-18,761.09,Casa
111.0,42.0,4322.47,2024-10-20,850.2,Casa
111.0,42.0,4322.47,2024-12-09,515.35,Alimentos
111.0,42.0,4322.47,2024-12-28,400.23,Roupas
111.0,42.0,4322.47,2024-12-30,972.58,Roupas
112.0,48.0,13344.08,2024-01-21,967.09,Alimentos
112.0,48.0,13344.08,2024-02-11,830.28,Alimentos
112.0,48.0,13344.08,2024-02-28,961.91,Esportes
112.0,48.0,13344.08,2024-04-01,591.32,Alimentos
112.0,48.0,13344.08,2024-04-18,971.33,Roupas
112.0,48.0,13344.08,2024-04-18,210.73,Roupas
112.0,48.0,13344.08,2024-05-04,455.16,Eletrônicos
112.0,48.0,13344.08,2024-06-10,184.97,Alimentos
112.0,48.0,13344.08,2024-06-13,488.32,Alimentos
112.0,48.0,13344.08,2024-10-04,550.58,Roupas
112.0,48.0,13344.08,2024-11-04,836.98,Casa
112.0,48.0,13344.08,2024-12-06,355.6,Alimentos
112.0,48.0,13344.08,2024-12-24,553.93,Casa
113.0,52.0,4585.43,2024-01-05,486.04,Alimentos
113.0,52.0,4585.43,2024-01-05,798.33,Eletrônicos
113.0,52.0,4585.43,2024-01-12,970.22,Roupas
113.0,52.0,4585.43,2024-01-20,477.45,Roupas
113.0,52.0,4585.43,2024-03-04,601.15,Casa
113.0,52.0,4585.43,2024-06-12,908.8,Roupas
113.0,52.0,4585.43,2024-06-21,469.3,Eletrônicos
113.0,52.0,4585.43,2024-09-02,148.04,Roupas
113.0,52.0,4585.43,2024-09-05,796.67,Alimentos
113.0,52.0,4585.43,2024-09-29,739.89,Alimentos
113.0,52.0,4585.43,2024-10-01,217.29,Roupas
113.0,52.0,4585.43,2024-12-03,630.94,Esportes
113.0,52.0,4585.43,2024-12-06,165.02,Casa
113.0,52.0,4585.43,2024-12-19,499.12,Eletrônicos
113.0,52.0,4585.43,2024-12-19,727.7,Roupas
114.0,33.0,12532.5,2024-01-13,972.1,Roupas
114.0,33.0,12532.5,2024-04-11,532.0,Roupas
114.0,33.0,12532.5,2024-04-17,493.74,Casa
114.0,33.0,12532.5,2024-05-26,522.64,Eletrônicos
114.0,33.0,12532.5,2024-05-26,325.66,Roupas
114.0,33.0,12532.5,2024-06-11,216.47,Alimentos
114.0,33.0,12532.5,2024-06-23,769.24,Esportes
114.0,33.0,12532.5,2024-07-01,387.82,Eletrônicos
114.0,33.0,12532.5,2024-07-07,927.85,Alimentos
114.0,33.0,12532.5,2024-07-21,920.36,Casa
114.0,33.0,12532.5,2024-08-03,452.4,Roupas
114.0,33.0,12532.5,2024-08-06,419.43,Eletrônicos
114.0,33.0,12532.5,2024-08-12,895.23,Esportes
114.0,33.0,12532.5,2024-08-29,731.2,Esportes
114.0,33.0,12532.5,2024-09-16,810.46,Alimentos
114.0,33.0,12532.5,2024-11-18,459.35,Roupas
114.0,33.0,12532.5,2024-11-24,78.28,Eletrônicos
114.0,33.0,12532.5,2024-12-02,647.39,Roupas
114.0,33.0,12532.5,2024-12-17,502.09,Alimentos
115.0,69.0,8650.28,2024-01-25,640.25,Eletrônicos
115.0,69.0,8650.28,2024-02-04,226.49,Eletrônicos
115.0,69.0,8650.28,2024-02-06,25.55,Casa
115.0,69.0,8650.28,2024-02-26,797.53,Roupas
115.0,69.0,8650.28,2024-03-07,743.11,Roupas
115.0,69.0,8650.28,2024-04-23,487.31,Alimentos
115.0,69.0,8650.28,2024-05-07,813.0,Roupas
115.0,69.0,8650.28,2024-05-15,773.54,Alimentos
115.0,69.0,8650.28,2024-06-11,997.86,Roupas
115.0,69.0,8650.28,2024-07-12,346.74,Esportes
115.0,69.0,8650.28,2024-09-20,994.76,Casa
115.0,69.0,8650.28,2024-10-03,371.54,Alimentos
115.0,69.0,8650.28,2024-10-24,639.89,Roupas
115.0,69.0,8650.28,2024-11-18,698.68,Casa
115.0,69.0,8650.28,2024-11-22,22.27,Roupas
115.0,69.0,8650.28,2024-12-14,49.94,Casa
116.0,19.0,14949.42,2024-06-12,706.03,Alimentos
117.0,29.0,9036.96,2024-01-16,688.11,Roupas
117.0,29.0,9036.96,2024-01-23,497.88,Alimentos
117.0,29.0,9036.96,2024-03-12,128.78,Eletrônicos
117.0,29.0,9036.96,2024-03-23,532.13,Casa
117.0,29.0,9036.96,2024-07-06,585.5,Eletrônicos
117.0,29.0,9036.96,2024-09-16,418.96,Esportes
117.0,29.0,9036.96,2024-10-16,25.97,Alimentos
117.0,29.0,9036.96,2024-12-23,320.01,Eletrônicos
118.0,49.0,10046.87,2024-01-10,825.0,Casa
118.0,49.0,10046.87,2024-01-13,673.52,Alimentos
118.0,49.0,10046.87,2024-02-01,460.36,Esportes
118.0,49.0,10046.87,2024-02-22,427.8,Roupas
118.0,49.0,10046.87,2024-02-23,90.34,Alimentos
118.0,49.0,10046.87,2024-02-24,907.99,Roupas
118.0,49.0,10046.87,2024-05-23,488.69,Alimentos
118.0,49.0,10046.87,2024-06-10,798.63,Esportes
118.0,49.0,10046.87,2024-08-02,930.64,Eletrônicos
118.0,49.0,10046.87,2024-08-08,591.59,Casa
118.0,49.0,10046.87,2024-08-20,234.89,Roupas
118.0,49.0,10046.87,2024-09-25,611.42,Alimentos
118.0,49.0,10046.87,2024-10-07,140.46,Esportes
118.0,49.0,10046.87,2024-10-16,295.38,Eletrônicos
118.0,49.0,10046.87,2024-10-21,241.51,Alimentos
118.0,49.0,10046.87,2024-11-17,91.44,Casa
118.0,49.0,10046.87,2024-12-02,725.4,Eletrônicos
119.0,26.0,5264.76,2024-01-14,473.91,Alimentos
119.0,26.0,5264.76,2024-01-22,572.02,Eletrônicos
119.0,26.0,5264.76,2024-02-22,807.88,Alimentos
119.0,26.0,5264.76,2024-03-19,120.69,Eletrônicos
119.0,26.0,5264.76,2024-04-28,175.45,Roupas
119.0,26.0,5264.76,2024-05-18,830.18,Casa
119.0,26.0,5264.76,2024-06-02,720.74,Eletrônicos
119.0,26.0,5264.76,2024-08-01,712.84,Alimentos
119.0,26.0,5264.76,2024-08-28,520.91,Alimentos
119.0,26.0,5264.76,2024-09-16,160.02,Alimentos
119.0,26.0,5264.76,2024-09-20,285.98,Esportes
119.0,26.0,5264.76,2024-09-20,23.74,Esportes
119.0,26.0,5264.76,2024-10-16,151.15,Roupas
119.0,26.0,5264.76,2024-11-15,329.94,Alimentos
119.0,26.0,5264.76,2024-11-20,941.64,Casa
119.0,26.0,5264.76,2024-12-08,591.6,Eletrônicos
119.0,26.0,5264.76,2024-12-19,727.29,Casa
119.0,26.0,5264.76,2024-12-26,753.67,Roupas
120.0,36.0,11300.4,2024-02-25,964.8,Esportes
120.0,36.0,11300.4,2024-04-09,909.06,Roupas
120.0,36.0,11300.4,2024-04-29,682.33,Roupas
120.0,36.0,11300.4,2024-05-26,573.68,Casa
120.0,36.0,11300.4,2024-06-10,327.08,Esportes
120.0,36.0,11300.4,2024-06-23,183.61,Roupas
120.0,36.0,11300.4,2024-06-25,389.77,Roupas
120.0,36.0,11300.4,2024-07-04,61.45,Esportes
120.0,36.0,11300.4,2024-08-22,673.06,Esportes
120.0,36.0,11300.4,2024-11-02,445.14,Alimentos
120.0,36.0,11300.4,2024-11-11,640.06,Eletrônicos
121.0,20.0,13060.38,2024-01-24,765.82,Alimentos
122.0,50.0,10167.43,2024-01-13,428.17,Alimentos
122.0,50.0,10167.43,2024-01-16,383.74,Esportes
122.0,50.0,10167.43,2024-01-21,485.9,Eletrônicos
122.0,50.0,10167.43,2024-01-28,975.1,Eletrônicos
122.0,50.0,10167.43,2024-02-10,486.45,Esportes
122.0,50.0,10167.43,2024-04-09,853.34,Eletrônicos
122.0,50.0,10167.43,2024-04-09,684.26,Esportes
122.0,50.0,10167.43,2024-05-25,641.74,Esportes
122.0,50.0,10167.43,2024-06-14,482.84,Esportes
122.0,50.0,10167.43,2024-06-21,55.22,Esportes
122.0,50.0,10167.43,2024-07-29,651.27,Eletrônicos
122.0,50.0,10167.43,2024-08-03,932.19,Eletrônicos
122.0,50.0,10167.43,2024-08-14,382.42,Casa
122.0,50.0,10167.43,2024-10-07,312.09,Esportes
122.0,50.0,10167.43,2024-10-18,743.83,Eletrônicos
122.0,50.0,10167.43,2024-10-24,122.71,Alimentos
122.0,50.0,10167.43,2024-10-30,397.42,Alimentos
123.0,28.0,14131.07,2024-02-13,117.87,Casa
123.0,28.0,14131.07,2024-02-23,525.54,Esportes
123.0,28.0,14131.07,2024-03-14,34.4,Eletrônicos
123.0,28.0,14131.07,2024-05-28,688.55,Alimentos
123.0,28.0,14131.07,2024-06-11,503.01,Casa
123.0,28.0,14131.07,2024-06-13,912.85,Alimentos
123.0,28.0,14131.07,2024-08-22,380.43,Alimentos
123.0,28.0,14131.07,2024-09-14,38.94,Roupas
123.0,28.0,14131.07,2024-11-05,215.23,Eletrônicos
123.0,28.0,14131.07,2024-11-08,826.84,Esportes
123.0,28.0,14131.07,2024-12-21,103.63,Esportes
123.0,28.0,14131.07,2024-12-21,949.87,Casa
124.0,53.0,13630.48,2024-01-07,361.13,Esportes
124.0,53.0,13630.48,2024-01-29,474.81,Roupas
124.0,53.0,13630.48,2024-02-02,744.25,Alimentos
124.0,53.0,13630.48,2024-04-11,540.32,Casa
124.0,53.0,13630.48,2024-04-13,148.89,Eletrônicos
124.0,53.0,13630.48,2024-05-13,446.8,Alimentos
124.0,53.0,13630.48,2024-06-18,774.76,Alimentos
124.0,53.0,13630.48,2024-06-30,281.34,Alimentos
124.0,53.0,13630.48,2024-08-09,380.38,Eletrônicos
124.0,53.0,13630.48,2024-08-11,307.44,Alimentos
124.0,53.0,13630.48,2024-08-15,60.82,Casa
124.0,53.0,13630.48,2024-09-28,777.46,Casa
124.0,53.0,13630.48,2024-10-09,583.85,Alimentos
124.0,53.0,13630.48,2024-12-05,465.82,Casa
124.0,53.0,13630.48,2024-12-11,683.99,Eletrônicos
125.0,37.0,9339.27,2024-01-16,576.73,Roupas
125.0,37.0,9339.27,2024-02-14,410.05,Roupas
125.0,37.0,9339.27,2024-04-13,943.87,Eletrônicos
125.0,37.0,9339.27,2024-05-11,901.47,Eletrônicos
125.0,37.0,9339.27,2024-05-12,540.12,Esportes
125.0,37.0,9339.27,2024-05-14,881.67,Casa
125.0,37.0,9339.27,2024-06-05,261.67,Alimentos
125.0,37.0,9339.27,2024-07-23,752.5,Roupas
125.0,37.0,9339.27,2024-08-04,305.32,Esportes
125.0,37.0,9339.27,2024-08-05,590.56,Roupas
125.0,37.0,9339.27,2024-11-02,43.12,Alimentos
125.0,37.0,9339.27,2024-11-26,833.17,Roupas
126.0,65.0,2869.87,2024-01-05,507.37,Eletrônicos
126.0,65.0,2869.87,2024-01-17,240.87,Roupas
126.0,65.0,2869.87,2024-01-26,850.25,Casa
126.0,65.0,2869.87,2024-01-28,781.39,Alimentos
126.0,65.0,2869.87,2024-02-21,350.59,Esportes
126.0,65.0,2869.87,2024-02-23,427.33,Roupas
126.0,65.0,2869.87,2024-03-01,950.09,Eletrônicos
126.0,65.0,2869.87,2024-03-08,400.4,Esportes
126.0,65.0,2869.87,2024-06-07,713.57,Casa
126.0,65.0,2869.87,2024-06-29,536.72,Casa
126.0,65.0,2869.87,2024-07-06,548.04,Casa
126.0,65.0,2869.87,2024-07-17,157.99,Casa
126.0,65.0,2869.87,2024-08-13,257.06,Eletrônicos
126.0,65.0,2869.87,2024-08-29,696.29,Esportes
126.0,65.0,2869.87,2024-10-27,290.71,Esportes
126.0,65.0,2869.87,2024-11-16,358.29,Alimentos
126.0,65.0,2869.87,2024-11-26,963.51,Esportes
126.0,65.0,2869.87,2024-12-26,458.72,Eletrônicos
127.0,52.0,14644.46,2024-01-06,456.63,Eletrônicos
127.0,52.0,14644.46,2024-02-17,418.54,Eletrônicos
127.0,52.0,14644.46,2024-03-08,952.4,Alimentos
127.0,52.0,14644.46,2024-03-10,126.72,Alimentos
127.0,52.0,14644.46,2024-07-05,981.52,Casa
127.0,52.0,14644.46,2024-07-27,981.57,Eletrônicos
127.0,52.0,14644.46,2024-07-28,555.92,Casa
127.0,52.0,14644.46,2024-08-09,569.66,Roupas
127.0,52.0,14644.46,2024-08-22,680.86,Roupas
127.0,52.0,14644.46,2024-10-20,930.09,Roupas
127.0,52.0,14644.46,2024-10-28,444.16,Alimentos
127.0,52.0,14644.46,2024-11-27,274.35,Casa
127.0,52.0,14644.46,2024-11-28,536.69,Eletrônicos
127.0,52.0,14644.46,2024-12-16,257.14,Esportes
128.0,35.0,3670.91,2024-01-19,192.57,Roupas
128.0,35.0,3670.91,2024-02-08,785.72,Alimentos
128.0,35.0,3670.91,2024-02-13,31.86,Esportes
128.0,35.0,3670.91,2024-02-28,367.94,Roupas
128.0,35.0,3670.91,2024-03-14,788.73,Alimentos
128.0,35.0,3670.91,2024-03-24,573.78,Eletrônicos
128.0,35.0,3670.91,2024-04-03,647.8,Esportes
128.0,35.0,3670.91,2024-04-17,796.74,Roupas
128.0,35.0,3670.91,2024-06-02,33.91,Roupas
128.0,35.0,3670.91,2024-06-04,244.1,Casa
128.0,35.0,3670.91,2024-06-19,65.14,Roupas
128.0,35.0,3670.91,2024-09-01,953.84,Roupas
128.0,35.0,3670.91,2024-09-03,404.94,Eletrônicos
128.0,35.0,3670.91,2024-09-29,960.93,Eletrônicos
128.0,35.0,3670.91,2024-12-07,858.1,Eletrônicos
128.0,35.0,3670.91,2024-12-17,323.8,Roupas
128.0,35.0,3670.91,2024-12-23,629.9,Alimentos
128.0,35.0,3670.91,2024-12-27,487.36,Roupas
129.0,35.0,8055.79,2024-01-10,903.36,Alimentos
129.0,35.0,8055.79,2024-02-03,993.39,Roupas
129.0,35.0,8055.79,2024-02-24,734.28,Casa
129.0,35.0,8055.79,2024-03-31,268.74,Esportes
129.0,35.0,8055.79,2024-06-03,48.59,Roupas
129.0,35.0,8055.79,2024-06-08,522.47,Esportes
129.0,35.0,8055.79,2024-09-04,990.28,Alimentos
129.0,35.0,8055.79,2024-09-08,194.33,Esportes
129.0,35.0,8055.79,2024-11-22,384.29,Esportes
129.0,35.0,8055.79,2024-12-29,669.19,Esportes
130.0,52.0,10301.48,2024-01-17,791.8,Eletrônicos
130.0,52.0,10301.48,2024-03-31,290.04,Alimentos
130.0,52.0,10301.48,2024-04-08,951.91,Roupas
131.0,58.0,3874.99,2024-02-10,309.78,Roupas
131.0,58.0,3874.99,2024-03-24,507.59,Alimentos
131.0,58.0,3874.99,2024-04-18,365.99,Eletrônicos
131.0,58.0,3874.99,2024-04-25,220.37,Esportes
131.0,58.0,3874.99,2024-05-11,826.7,Casa
131.0,58.0,3874.99,2024-05-28,526.36,Alimentos
131.0,58.0,3874.99,2024-06-02,894.71,Roupas
131.0,58.0,3874.99,2024-07-11,191.72,Alimentos
131.0,58.0,3874.99,2024-07-21,756.74,Casa
131.0,58.0,3874.99,2024-08-08,442.75,Roupas
131.0,58.0,3874.99,2024-09-12,447.88,Esportes
131.0,58.0,3874.99,2024-09-13,207.76,Casa
131.0,58.0,3874.99,2024-10-08,842.87,Eletrônicos
131.0,58.0,3874.99,2024-10-29,905.68,Casa
131.0,58.0,3874.99,2024-11-19,850.33,Esportes
131.0,58.0,3874.99,2024-12-08,515.84,Casa
131.0,58.0,3874.99,2024-12-19,685.96,Esportes
131.0,58.0,3874.99,2024-12-30,974.88,Esportes
132.0,21.0,4702.86,2024-01-04,168.56,Casa
132.0,21.0,4702.86,2024-01-24,365.55,Eletrônicos
132.0,21.0,4702.86,2024-04-12,52.15,Casa
132.0,21.0,4702.86,2024-04-12,318.11,Alimentos
132.0,21.0,4702.86,2024-05-17,216.55,Casa
132.0,21.0,4702.86,2024-06-29,296.82,Roupas
132.0,21.0,4702.86,2024-07-07,732.21,Alimentos
132.0,21.0,4702.86,2024-07-13,113.15,Esportes
132.0,21.0,4702.86,2024-09-05,80.1,Alimentos
132.0,21.0,4702.86,2024-10-05,932.39,Eletrônicos
132.0,21.0,4702.86,2024-10-09,839.11,Alimentos
132.0,21.0,4702.86,2024-11-12,448.73,Esportes
132.0,21.0,4702.86,2024-11-13,541.38,Roupas
132.0,21.0,4702.86,2024-11-19,309.34,Alimentos
132.0,21.0,4702.86,2024-11-21,73.54,Esportes
132.0,21.0,4702.86,2024-12-16,145.31,Esportes
133.0,38.0,3914.11,2024-01-22,405.33,Eletrônicos
133.0,38.0,3914.11,2024-01-25,267.76,Casa
133.0,38.0,3914.11,2024-01-30,338.79,Esportes
133.0,38.0,3914.11,2024-02-01,183.97,Alimentos
133.0,38.0,3914.11,2024-02-08,236.08,Esportes
133.0,38.0,3914.11,2024-02-16,810.56,Esportes
133.0,38.0,3914.11,2024-04-20,720.14,Esportes
133.0,38.0,3914.11,2024-05-18,635.87,Alimentos
133.0,38.0,3914.11,2024-05-28,166.61,Casa
133.0,38.0,3914.11,2024-07-24,142.85,Casa
133.0,38.0,3914.11,2024-08-01,280.02,Alimentos
133.0,38.0,3914.11,2024-08-26,427.63,Casa
133.0,38.0,3914.11,2024-09-11,527.24,Casa
133.0,38.0,3914.11,2024-09-28,96.89,Eletrônicos
133.0,38.0,3914.11,2024-10-13,758.75,Roupas
133.0,38.0,3914.11,2024-11-19,950.22,Roupas
133.0,38.0,3914.11,2024-11-27,239.81,Eletrônicos
133.0,38.0,3914.11,2024-12-07,734.76,Roupas
133.0,38.0,3914.11,2024-12-08,617.44,Casa
134.0,25.0,12964.52,2024-03-28,175.84,Casa
134.0,25.0,12964.52,2024-04-11,785.12,Eletrônicos
134.0,25.0,12964.52,2024-07-09,518.71,Eletrônicos
134.0,25.0,12964.52,2024-09-27,720.04,Casa
134.0,25.0,12964.52,2024-10-18,972.97,Eletrônicos
135.0,34.0,5658.82,2024-01-01,139.59,Roupas
135.0,34.0,5658.82,2024-03-13,358.44,Alimentos
135.0,34.0,5658.82,2024-06-15,853.46,Eletrônicos
135.0,34.0,5658.82,2024-09-07,70.86,Roupas
135.0,34.0,5658.82,2024-09-18,671.84,Esportes
135.0,34.0,5658.82,2024-11-08,288.59,Alimentos
136.0,65.0,2764.61,2024-03-16,677.63,Esportes
136.0,65.0,2764.61,2024-04-18,948.15,Alimentos
136.0,65.0,2764.61,2024-12-02,707.15,Roupas
137.0,68.0,10090.49,2024-12-02,392.91,Alimentos
138.0,39.0,4793.86,2024-01-13,962.28,Eletrônicos
138.0,39.0,4793.86,2024-02-12,867.99,Alimentos
138.0,39.0,4793.86,2024-03-18,709.63,Alimentos
138.0,39.0,4793.86,2024-04-09,790.48,Alimentos
138.0,39.0,4793.86,2024-05-07,908.44,Roupas
138.0,39.0,4793.86,2024-05-26,408.62,Roupas
138.0,39.0,4793.86,2024-05-27,683.61,Eletrônicos
138.0,39.0,4793.86,2024-05-30,330.22,Roupas
138.0,39.0,4793.86,2024-06-16,70.64,Eletrônicos
138.0,39.0,4793.86,2024-07-11,322.66,Casa
138.0,39.0,4793.86,2024-09-03,250.27,Roupas
138.0,39.0,4793.86,2024-09-26,846.41,Alimentos
138.0,39.0,4793.86,2024-11-10,511.07,Alimentos
138.0,39.0,4793.86,2024-12-01,865.39,Roupas
138.0,39.0,4793.86,2024-12-04,786.53,Casa
139.0,55.0,14715.05,2024-01-07,326.61,Roupas
139.0,55.0,14715.05,2024-01-19,683.99,Esportes
139.0,55.0,14715.05,2024-02-16,393.81,Eletrônicos
139.0,55.0,14715.05,2024-02-19,444.11,Casa
139.0,55.0,14715.05,2024-02-22,320.64,Eletrônicos
139.0,55.0,14715.05,2024-02-28,368.74,Eletrônicos
139.0,55.0,14715.05,2024-03-23,635.43,Esportes
139.0,55.0,14715.05,2024-04-06,441.93,Casa
139.0,55.0,14715.05,2024-04-22,39.4,Casa
139.0,55.0,14715.05,2024-04-23,836.17,Alimentos
139.0,55.0,14715.05,2024-05-07,755.92,Eletrônicos
139.0,55.0,14715.05,2024-06-30,738.82,Casa
139.0,55.0,14715.05,2024-08-02,215.01,Esportes
139.0,55.0,14715.05,2024-09-04,990.55,Eletrônicos
139.0,55.0,14715.05,2024-10-09,423.42,Alimentos
139.0,55.0,14715.05,2024-10-15,648.9,Casa
139.0,55.0,14715.05,2024-11-08,800.75,Esportes
139.0,55.0,14715.05,2024-11-23,70.8,Esportes
139.0,55.0,14715.05,2024-11-29,613.39,Roupas
140.0,68.0,13542.63,2024-01-17,121.06,Casa
140.0,68.0,13542.63,2024-02-10,110.23,Eletrônicos
140.0,68.0,13542.63,2024-02-26,31.25,Eletrônicos
140.0,68.0,13542.63,2024-02-27,131.04,Casa
140.0,68.0,13542.63,2024-03-02,528.33,Alimentos
140.0,68.0,13542.63,2024-03-11,278.99,Casa
140.0,68.0,13542.63,2024-03-22,710.46,Casa
140.0,68.0,13542.63,2024-04-17,468.86,Eletrônicos
140.0,68.0,13542.63,2024-05-03,558.61,Esportes
140.0,68.0,13542.63,2024-06-14,969.17,Roupas
140.0,68.0,13542.63,2024-08-06,529.31,Esportes
140.0,68.0,13542.63,2024-08-17,86.97,Roupas
140.0,68.0,13542.63,2024-09-22,526.45,Roupas
140.0,68.0,13542.63,2024-10-17,283.16,Casa
140.0,68.0,13542.63,2024-10-21,188.67,Roupas
140.0,68.0,13542.63,2024-11-13,564.39,Eletrônicos
140.0,68.0,13542.63,2024-11-14,443.38,Casa
140.0,68.0,13542.63,2024-11-17,282.05,Casa
141.0,44.0,7364.32,2024-10-09,682.51,Casa
141.0,44.0,7364.32,2024-11-18,385.79,Roupas
142.0,38.0,8285.6,2024-12-17,617.81,Roupas
143.0,45.0,10530.47,2024-02-17,26.55,Casa
143.0,45.0,10530.47,2024-03-05,134.72,Eletrônicos
143.0,45.0,10530.47,2024-04-07,386.08,Roupas
143.0,45.0,10530.47,2024-04-09,264.53,Eletrônicos
143.0,45.0,10530.47,2024-09-04,595.83,Alimentos
143.0,45.0,10530.47,2024-09-14,868.77,Eletrônicos
143.0,45.0,10530.47,2024-09-22,620.01,Roupas
143.0,45.0,10530.47,2024-10-10,634.94,Alimentos
143.0,45.0,10530.47,2024-11-10,741.8,Casa
144.0,50.0,4135.78,2024-02-12,644.93,Alimentos
144.0,50.0,4135.78,2024-03-08,937.54,Esportes
144.0,50.0,4135.78,2024-03-13,449.62,Casa
144.0,50.0,4135.78,2024-05-06,811.05,Alimentos
144.0,50.0,4135.78,2024-05-16,461.25,Alimentos
144.0,50.0,4135.78,2024-05-17,411.05,Esportes
144.0,50.0,4135.78,2024-06-14,119.86,Casa
144.0,50.0,4135.78,2024-08-24,624.9,Casa
144.0,50.0,4135.78,2024-08-31,753.42,Casa
144.0,50.0,4135.78,2024-09-04,244.59,Casa
144.0,50.0,4135.78,2024-09-27,820.91,Eletrônicos
144.0,50.0,4135.78,2024-10-09,444.91,Roupas
144.0,50.0,4135.78,2024-10-14,230.37,Alimentos
145.0,65.0,5290.43,2024-02-08,215.28,Casa
145.0,65.0,5290.43,2024-02-16,48.91,Casa
145.0,65.0,5290.43,2024-03-01,436.28,Esportes
145.0,65.0,5290.43,2024-03-09,95.6,Eletrônicos
145.0,65.0,5290.43,2024-05-30,69.02,Casa
145.0,65.0,5290.43,2024-07-30,219.94,Casa
145.0,65.0,5290.43,2024-08-12,230.12,Casa
145.0,65.0,5290.43,2024-10-16,81.28,Casa
145.0,65.0,5290.43,2024-11-13,614.6,Esportes
145.0,65.0,5290.43,2024-11-26,602.91,Esportes
146.0,52.0,11875.48,2024-02-06,673.13,Alimentos
146.0,52.0,11875.48,2024-02-25,791.63,Roupas
146.0,52.0,11875.48,2024-03-31,531.02,Eletrônicos
146.0,52.0,11875.48,2024-04-16,547.57,Alimentos
146.0,52.0,11875.48,2024-04-23,656.34,Alimentos
146.0,52.0,11875.48,2024-05-06,826.52,Roupas
146.0,52.0,11875.48,2024-05-17,887.27,Casa
146.0,52.0,11875.48,2024-06-22,409.5,Roupas
146.0,52.0,11875.48,2024-06-27,775.33,Roupas
146.0,52.0,11875.48,2024-07-27,922.35,Casa
146.0,52.0,11875.48,2024-08-17,439.05,Esportes
146.0,52.0,11875.48,2024-09-14,637.64,Casa
146.0,52.0,11875.48,2024-10-10,916.95,Esportes
146.0,52.0,11875.48,2024-11-14,553.37,Esportes
146.0,52.0,11875.48,2024-12-23,748.02,Roupas
146.0,52.0,11875.48,2024-12-28,645.2,Esportes
147.0,34.0,14926.43,2024-05-18,606.87,Alimentos
147.0,34.0,14926.43,2024-07-23,315.03,Eletrônicos
147.0,34.0,14926.43,2024-09-12,419.48,Casa
147.0,34.0,14926.43,2024-11-30,82.73,Esportes
147.0,34.0,14926.43,2024-12-19,510.08,Roupas
148.0,47.0,14378.04,2024-01-03,421.48,Eletrônicos
148.0,47.0,14378.04,2024-03-09,27.81,Esportes
148.0,47.0,14378.04,2024-03-23,128.22,Roupas
148.0,47.0,14378.04,2024-04-11,176.3,Roupas
148.0,47.0,14378.04,2024-04-18,829.96,Esportes
148.0,47.0,14378.04,2024-05-12,790.79,Eletrônicos
148.0,47.0,14378.04,2024-05-19,264.96,Eletrônicos
148.0,47.0,14378.04,2024-07-25,295.42,Casa
148.0,47.0,14378.04,2024-08-29,420.6,Esportes
148.0,47.0,14378.04,2024-11-05,47.75,Casa
148.0,47.0,14378.04,2024-12-13,670.93,Esportes
149.0,23.0,6497.14,2024-01-06,562.3,Eletrônicos
149.0,23.0,6497.14,2024-01-23,269.78,Alimentos
149.0,23.0,6497.14,2024-02-01,813.14,Alimentos
149.0,23.0,6497.14,2024-02-05,639.57,Alimentos
149.0,23.0,6497.14,2024-02-21,875.18,Eletrônicos
149.0,23.0,6497.14,2024-03-01,366.71,Alimentos
149.0,23.0,6497.14,2024-06-25,515.52,Alimentos
149.0,23.0,6497.14,2024-07-31,905.49,Esportes
149.0,23.0,6497.14,2024-08-24,321.64,Roupas
149.0,23.0,6497.14,2024-10-21,247.15,Esportes
150.0,58.0,14366.47,2024-02-08,209.99,Alimentos
150.0,58.0,14366.47,2024-03-27,841.15,Eletrônicos
150.0,58.0,14366.47,2024-04-27,798.6,Casa
151.0,46.0,7280.49,2024-01-11,260.45,Eletrônicos
151.0,46.0,7280.49,2024-02-15,397.11,Casa
151.0,46.0,7280.49,2024-03-27,195.67,Esportes
151.0,46.0,7280.49,2024-04-03,178.14,Esportes
151.0,46.0,7280.49,2024-04-21,135.2,Casa
151.0,46.0,7280.49,2024-04-24,237.91,Eletrônicos
151.0,46.0,7280.49,2024-05-01,367.19,Roupas
151.0,46.0,7280.49,2024-05-05,182.43,Eletrônicos
151.0,46.0,7280.49,2024-05-06,249.52,Casa
151.0,46.0,7280.49,2024-05-13,793.64,Esportes
151.0,46.0,7280.49,2024-07-19,227.66,Eletrônicos
151.0,46.0,7280.49,2024-09-03,21.95,Roupas
151.0,46.0,7280.49,2024-09-03,258.85,Eletrônicos
151.0,46.0,7280.49,2024-10-11,470.01,Roupas
151.0,46.0,7280.49,2024-10-15,358.33,Casa
151.0,46.0,7280.49,2024-11-08,32.99,Eletrônicos
152.0,48.0,14508.87,2024-01-19,685.4,Eletrônicos
152.0,48.0,14508.87,2024-04-02,541.85,Roupas
152.0,48.0,14508.87,2024-05-16,427.46,Casa
152.0,48.0,14508.87,2024-05-31,623.97,Eletrônicos
152.0,48.0,14508.87,2024-06-23,758.52,Alimentos
152.0,48.0,14508.87,2024-07-23,702.69,Roupas
152.0,48.0,14508.87,2024-09-01,134.86,Casa
152.0,48.0,14508.87,2024-09-02,583.9,Esportes
152.0,48.0,14508.87,2024-09-25,404.02,Esportes
152.0,48.0,14508.87,2024-10-08,522.04,Esportes
152.0,48.0,14508.87,2024-10-21,159.99,Eletrônicos
152.0,48.0,14508.87,2024-10-31,685.32,Alimentos
152.0,48.0,14508.87,2024-11-04,780.96,Eletrônicos
152.0,48.0,14508.87,2024-11-09,517.65,Eletrônicos
152.0,48.0,14508.87,2024-12-19,423.72,Esportes
153.0,50.0,2517.17,2024-01-25,736.69,Eletrônicos
153.0,50.0,2517.17,2024-01-29,635.86,Esportes
153.0,50.0,2517.17,2024-02-17,223.8,Alimentos
153.0,50.0,2517.17,2024-02-26,807.47,Roupas
153.0,50.0,2517.17,2024-03-13,544.94,Casa
153.0,50.0,2517.17,2024-03-26,846.46,Esportes
153.0,50.0,2517.17,2024-05-15,879.8,Eletrônicos
153.0,50.0,2517.17,2024-06-19,87.66,Alimentos
153.0,50.0,2517.17,2024-06-29,421.54,Roupas
153.0,50.0,2517.17,2024-07-22,198.09,Esportes
153.0,50.0,2517.17,2024-08-20,540.95,Casa
153.0,50.0,2517.17,2024-09-09,419.96,Esportes
153.0,50.0,2517.17,2024-09-27,476.98,Esportes
153.0,50.0,2517.17,2024-10-08,268.21,Casa
153.0,50.0,2517.17,2024-11-16,475.75,Alimentos
153.0,50.0,2517.17,2024-12-04,824.19,Esportes
153.0,50.0,2517.17,2024-12-29,346.96,Alimentos
154.0,38.0,4077.3,2024-01-03,363.51,Roupas
154.0,38.0,4077.3,2024-04-25,655.35,Alimentos
154.0,38.0,4077.3,2024-06-21,461.47,Esportes
154.0,38.0,4077.3,2024-08-08,567.88,Casa
154.0,38.0,4077.3,2024-08-08,457.46,Roupas
154.0,38.0,4077.3,2024-10-18,850.97,Eletrônicos
154.0,38.0,4077.3,2024-11-28,807.74,Casa
154.0,38.0,4077.3,2024-11-30,246.92,Esportes
155.0,50.0,5778.45,2024-02-28,712.5,Roupas
155.0,50.0,5778.45,2024-04-16,930.7,Alimentos
155.0,50.0,5778.45,2024-05-11,474.95,Eletrônicos
155.0,50.0,5778.45,2024-08-22,834.74,Eletrônicos
155.0,50.0,5778.45,2024-09-12,494.31,Casa
155.0,50.0,5778.45,2024-11-12,121.61,Roupas
155.0,50.0,5778.45,2024-11-26,663.59,Esportes
155.0,50.0,5778.45,2024-12-13,639.35,Esportes
156.0,35.0,9016.82,2024-01-16,218.21,Roupas
156.0,35.0,9016.82,2024-02-28,186.48,Alimentos
156.0,35.0,9016.82,2024-02-28,201.67,Alimentos
156.0,35.0,9016.82,2024-05-15,437.55,Eletrônicos
156.0,35.0,9016.82,2024-07-10,718.97,Alimentos
156.0,35.0,9016.82,2024-08-02,613.3,Alimentos
156.0,35.0,9016.82,2024-09-01,639.74,Alimentos
156.0,35.0,9016.82,2024-09-21,360.02,Casa
156.0,35.0,9016.82,2024-09-25,718.52,Casa
156.0,35.0,9016.82,2024-10-03,661.05,Roupas
156.0,35.0,9016.82,2024-10-18,855.53,Casa
156.0,35.0,9016.82,2024-11-09,786.32,Eletrônicos
156.0,35.0,9016.82,2024-11-09,763.33,Alimentos
156.0,35.0,9016.82,2024-11-13,806.94,Esportes
156.0,35.0,9016.82,2024-11-27,484.44,Eletrônicos
156.0,35.0,9016.82,2024-12-20,677.73,Casa
157.0,48.0,12896.88,2024-03-02,698.51,Esportes
157.0,48.0,12896.88,2024-03-14,668.73,Alimentos
157.0,48.0,12896.88,2024-04-03,871.27,Esportes
157.0,48.0,12896.88,2024-04-19,234.34,Roupas
157.0,48.0,12896.88,2024-05-17,516.92,Casa
157.0,48.0,12896.88,2024-06-21,829.4,Esportes
157.0,48.0,12896.88,2024-07-25,566.77,Eletrônicos
157.0,48.0,12896.88,2024-08-05,702.23,Roupas
157.0,48.0,12896.88,2024-08-09,240.54,Roupas
157.0,48.0,12896.88,2024-08-26,644.03,Roupas
157.0,48.0,12896.88,2024-11-13,800.32,Alimentos
157.0,48.0,12896.88,2024-12-11,461.76,Casa
157.0,48.0,12896.88,2024-12-21,827.29,Casa
158.0,20.0,9195.83,2024-01-05,637.44,Esportes
158.0,20.0,9195.83,2024-01-28,232.89,Alimentos
158.0,20.0,9195.83,2024-03-10,426.94,Roupas
158.0,20.0,9195.83,2024-04-05,258.53,Alimentos
158.0,20.0,9195.83,2024-04-13,673.44,Eletrônicos
158.0,20.0,9195.83,2024-06-13,274.38,Eletrônicos
158.0,20.0,9195.83,2024-07-05,523.92,Eletrônicos
158.0,20.0,9195.83,2024-07-25,782.46,Alimentos
158.0,20.0,9195.83,2024-08-04,899.96,Eletrônicos
158.0,20.0,9195.83,2024-09-11,902.94,Casa
158.0,20.0,9195.83,2024-09-14,753.04,Roupas
158.0,20.0,9195.83,2024-10-05,983.64,Esportes
158.0,20.0,9195.83,2024-10-28,673.51,Alimentos
158.0,20.0,9195.83,2024-12-05,778.19,Esportes
158.0,20.0,9195.83,2024-12-05,380.98,Casa
159.0,41.0,4320.4,2024-06-30,712.7,Eletrônicos
160.0,64.0,14865.73,2024-03-01,860.86,Roupas
160.0,64.0,14865.73,2024-05-19,340.11,Casa
160.0,64.0,14865.73,2024-06-24,830.12,Alimentos
160.0,64.0,14865.73,2024-10-13,805.32,Esportes
160.0,64.0,14865.73,2024-12-16,59.54,Roupas
160.0,64.0,14865.73,2024-12-30,476.51,Esportes
161.0,19.0,4931.21,2024-01-19,453.45,Roupas
161.0,19.0,4931.21,2024-03-08,990.87,Alimentos
161.0,19.0,4931.21,2024-03-14,155.67,Eletrônicos
161.0,19.0,4931.21,2024-03-26,34.09,Alimentos
161.0,19.0,4931.21,2024-04-23,712.04,Roupas
161.0,19.0,4931.21,2024-05-17,402.78,Eletrônicos
161.0,19.0,4931.21,2024-07-05,852.2,Alimentos
161.0,19.0,4931.21,2024-07-15,867.14,Esportes
161.0,19.0,4931.21,2024-07-25,521.4,Casa
161.0,19.0,4931.21,2024-10-17,41.98,Esportes
161.0,19.0,4931.21,2024-10-30,325.95,Eletrônicos
161.0,19.0,4931.21,2024-12-20,939.65,Roupas
161.0,19.0,4931.21,2024-12-21,58.16,Roupas
162.0,59.0,13344.54,2024-02-19,656.52,Esportes
162.0,59.0,13344.54,2024-02-20,454.2,Alimentos
162.0,59.0,13344.54,2024-02-24,866.37,Eletrônicos
162.0,59.0,13344.54,2024-02-28,703.19,Eletrônicos
162.0,59.0,13344.54,2024-03-15,184.01,Roupas
162.0,59.0,13344.54,2024-04-22,471.94,Alimentos
162.0,59.0,13344.54,2024-05-12,73.3,Roupas
162.0,59.0,13344.54,2024-05-18,930.56,Casa
162.0,59.0,13344.54,2024-06-14,601.3,Eletrônicos
162.0,59.0,13344.54,2024-06-30,289.78,Eletrônicos
162.0,59.0,13344.54,2024-07-01,626.16,Esportes
162.0,59.0,13344.54,2024-07-07,681.29,Eletrônicos
162.0,59.0,13344.54,2024-07-09,227.4,Alimentos
162.0,59.0,13344.54,2024-07-21,950.22,Alimentos
162.0,59.0,13344.54,2024-07-29,871.04,Alimentos
162.0,59.0,13344.54,2024-12-04,752.84,Esportes
163.0,34.0,12957.04,2024-02-28,705.65,Esportes
163.0,34.0,12957.04,2024-04-13,711.04,Casa
163.0,34.0,12957.04,2024-04-21,44.47,Alimentos
163.0,34.0,12957.04,2024-05-21,79.39,Esportes
163.0,34.0,12957.04,2024-07-27,840.62,Alimentos
163.0,34.0,12957.04,2024-08-01,588.13,Roupas
163.0,34.0,12957.04,2024-09-16,425.55,Roupas
164.0,26.0,10983.54,2024-01-26,745.75,Roupas
164.0,26.0,10983.54,2024-01-29,434.87,Eletrônicos
164.0,26.0,10983.54,2024-04-03,883.98,Eletrônicos
164.0,26.0,10983.54,2024-04-25,261.36,Roupas
164.0,26.0,10983.54,2024-05-29,708.59,Casa
164.0,26.0,10983.54,2024-06-04,498.73,Esportes
164.0,26.0,10983.54,2024-07-27,614.71,Eletrônicos
164.0,26.0,10983.54,2024-08-09,912.01,Alimentos
164.0,26.0,10983.54,2024-08-17,649.73,Casa
164.0,26.0,10983.54,2024-10-22,806.75,Alimentos
164.0,26.0,10983.54,2024-11-17,581.16,Alimentos
164.0,26.0,10983.54,2024-12-29,367.83,Alimentos
165.0,65.0,8963.07,2024-01-11,793.62,Esportes
165.0,65.0,8963.07,2024-02-14,976.66,Esportes
165.0,65.0,8963.07,2024-03-13,997.29,Roupas
165.0,65.0,8963.07,2024-03-28,886.89,Esportes
165.0,65.0,8963.07,2024-04-04,780.39,Eletrônicos
165.0,65.0,8963.07,2024-06-03,742.68,Roupas
165.0,65.0,8963.07,2024-07-30,231.9,Esportes
165.0,65.0,8963.07,2024-08-26,610.98,Eletrônicos
165.0,65.0,8963.07,2024-09-29,855.5,Eletrônicos
165.0,65.0,8963.07,2024-10-02,360.56,Esportes
165.0,65.0,8963.07,2024-11-04,975.84,Eletrônicos
165.0,65.0,8963.07,2024-11-08,475.71,Roupas
165.0,65.0,8963.07,2024-11-13,604.84,Esportes
165.0,65.0,8963.07,2024-12-15,319.93,Esportes
166.0,59.0,12426.38,2024-02-21,449.69,Casa
166.0,59.0,12426.38,2024-03-12,450.95,Esportes
166.0,59.0,12426.38,2024-03-24,973.62,Esportes
166.0,59.0,12426.38,2024-05-05,182.7,Esportes
166.0,59.0,12426.38,2024-09-07,479.73,Casa
166.0,59.0,12426.38,2024-12-23,943.54,Casa
166.0,59.0,12426.38,2024-12-29,184.76,Eletrônicos
167.0,52.0,4958.79,2024-01-28,368.21,Alimentos
167.0,52.0,4958.79,2024-02-05,226.3,Casa
167.0,52.0,4958.79,2024-02-29,830.09,Alimentos
167.0,52.0,4958.79,2024-03-26,900.27,Alimentos
167.0,52.0,4958.79,2024-04-02,247.86,Esportes
167.0,52.0,4958.79,2024-04-19,637.97,Roupas
167.0,52.0,4958.79,2024-05-04,316.43,Eletrônicos
167.0,52.0,4958.79,2024-12-03,355.79,Eletrônicos
168.0,41.0,13828.75,2024-01-31,316.37,Casa
168.0,41.0,13828.75,2024-10-28,807.73,Casa
169.0,24.0,8270.47,2024-05-07,161.2,Eletrônicos
169.0,24.0,8270.47,2024-05-24,452.91,Esportes
169.0,24.0,8270.47,2024-07-10,589.09,Roupas
169.0,24.0,8270.47,2024-11-11,498.08,Casa
169.0,24.0,8270.47,2024-12-20,23.08,Roupas
170.0,62.0,4122.7,2024-01-13,989.66,Eletrônicos
170.0,62.0,4122.7,2024-02-09,384.04,Alimentos
170.0,62.0,4122.7,2024-03-29,582.8,Roupas
170.0,62.0,4122.7,2024-04-15,327.6,Casa
170.0,62.0,4122.7,2024-06-29,430.24,Casa
170.0,62.0,4122.7,2024-08-06,532.3,Eletrônicos
170.0,62.0,4122.7,2024-09-21,206.91,Casa
170.0,62.0,4122.7,2024-11-08,720.88,Alimentos
170.0,62.0,4122.7,2024-11-14,143.83,Esportes
170.0,62.0,4122.7,2024-11-28,746.81,Eletrônicos
171.0,25.0,10976.55,2024-02-07,841.47,Eletrônicos
171.0,25.0,10976.55,2024-02-08,933.68,Alimentos
171.0,25.0,10976.55,2024-02-17,418.67,Alimentos
171.0,25.0,10976.55,2024-03-17,587.73,Alimentos
171.0,25.0,10976.55,2024-08-16,519.95,Casa
171.0,25.0,10976.55,2024-10-21,464.91,Alimentos
171.0,25.0,10976.55,2024-11-05,245.23,Roupas
171.0,25.0,10976.55,2024-11-22,134.67,Esportes
171.0,25.0,10976.55,2024-11-28,668.43,Roupas
171.0,25.0,10976.55,2024-12-10,523.57,Esportes
171.0,25.0,10976.55,2024-12-11,872.21,Esportes
171.0,25.0,10976.55,2024-12-30,952.42,Roupas
172.0,33.0,2185.38,2024-04-05,928.58,Alimentos
172.0,33.0,2185.38,2024-05-10,199.18,Esportes
172.0,33.0,2185.38,2024-07-09,579.46,Esportes
172.0,33.0,2185.38,2024-07-18,567.59,Roupas
172.0,33.0,2185.38,2024-08-07,182.0,Casa
172.0,33.0,2185.38,2024-08-13,905.13,Casa
173.0,68.0,6062.93,2024-05-06,236.09,Esportes
173.0,68.0,6062.93,2024-06-25,734.87,Eletrônicos
173.0,68.0,6062.93,2024-07-08,988.75,Casa
173.0,68.0,6062.93,2024-07-24,267.74,Eletrônicos
173.0,68.0,6062.93,2024-09-12,105.28,Esportes
173.0,68.0,6062.93,2024-12-14,800.01,Roupas
174.0,45.0,9314.68,2024-01-13,631.01,Esportes
174.0,45.0,9314.68,2024-04-18,945.77,Alimentos
174.0,45.0,9314.68,2024-04-23,72.44,Alimentos
174.0,45.0,9314.68,2024-07-23,247.41,Eletrônicos
174.0,45.0,9314.68,2024-09-29,308.07,Eletrônicos
174.0,45.0,9314.68,2024-11-23,922.32,Roupas
174.0,45.0,9314.68,2024-11-23,223.39,Casa
175.0,49.0,9306.78,2024-01-02,765.22,Esportes
175.0,49.0,9306.78,2024-02-22,69.24,Alimentos
175.0,49.0,9306.78,2024-02-24,653.67,Casa
175.0,49.0,9306.78,2024-04-03,220.36,Alimentos
175.0,49.0,9306.78,2024-04-05,388.29,Casa
175.0,49.0,9306.78,2024-04-25,676.63,Casa
175.0,49.0,9306.78,2024-06-28,519.66,Eletrônicos
175.0,49.0,9306.78,2024-06-28,292.9,Esportes
175.0,49.0,9306.78,2024-07-05,598.15,Eletrônicos
175.0,49.0,9306.78,2024-07-07,171.4,Casa
175.0,49.0,9306.78,2024-08-16,476.97,Eletrônicos
175.0,49.0,9306.78,2024-08-25,831.0,Esportes
175.0,49.0,9306.78,2024-09-25,680.91,Alimentos
175.0,49.0,9306.78,2024-10-12,999.57,Eletrônicos
175.0,49.0,9306.78,2024-11-08,449.42,Eletrônicos
176.0,39.0,5930.06,2024-01-01,800.09,Roupas
176.0,39.0,5930.06,2024-02-25,399.58,Casa
176.0,39.0,5930.06,2024-03-12,923.92,Esportes
176.0,39.0,5930.06,2024-04-11,38.77,Casa
176.0,39.0,5930.06,2024-05-18,577.1,Esportes
176.0,39.0,5930.06,2024-05-19,730.11,Casa
176.0,39.0,5930.06,2024-07-10,442.49,Esportes
176.0,39.0,5930.06,2024-07-18,779.74,Eletrônicos
176.0,39.0,5930.06,2024-08-08,859.36,Esportes
176.0,39.0,5930.06,2024-08-14,430.21,Esportes
176.0,39.0,5930.06,2024-08-19,215.84,Esportes
176.0,39.0,5930.06,2024-09-21,349.29,Esportes
176.0,39.0,5930.06,2024-09-24,392.16,Esportes
176.0,39.0,5930.06,2024-11-26,460.06,Alimentos
176.0,39.0,5930.06,2024-12-16,777.32,Casa
177.0,39.0,9476.25,2024-02-07,948.22,Alimentos
177.0,39.0,9476.25,2024-03-03,60.67,Alimentos
177.0,39.0,9476.25,2024-04-06,936.77,Eletrônicos
177.0,39.0,9476.25,2024-04-14,359.95,Alimentos
177.0,39.0,9476.25,2024-05-28,962.26,Esportes
177.0,39.0,9476.25,2024-06-12,964.09,Eletrônicos
177.0,39.0,9476.25,2024-07-02,331.2,Eletrônicos
177.0,39.0,9476.25,2024-07-04,292.57,Eletrônicos
177.0,39.0,9476.25,2024-07-06,990.31,Alimentos
177.0,39.0,9476.25,2024-07-28,991.86,Esportes
177.0,39.0,9476.25,2024-08-05,914.67,Eletrônicos
177.0,39.0,9476.25,2024-08-25,97.36,Eletrônicos
177.0,39.0,9476.25,2024-08-31,744.29,Eletrônicos
177.0,39.0,9476.25,2024-09-29,660.32,Casa
177.0,39.0,9476.25,2024-10-10,275.83,Roupas
177.0,39.0,9476.25,2024-11-03,684.55,Eletrônicos
177.0,39.0,9476.25,2024-12-24,280.19,Alimentos
178.0,39.0,4878.39,2024-04-27,668.68,Alimentos
178.0,39.0,4878.39,2024-05-16,255.19,Eletrônicos
178.0,39.0,4878.39,2024-05-21,459.8,Alimentos
178.0,39.0,4878.39,2024-07-02,603.31,Eletrônicos
178.0,39.0,4878.39,2024-07-26,463.76,Alimentos
178.0,39.0,4878.39,2024-10-08,654.57,Esportes
178.0,39.0,4878.39,2024-10-16,205.61,Esportes
178.0,39.0,4878.39,2024-12-25,586.33,Casa
179.0,59.0,12605.11,2024-05-31,821.06,Eletrônicos
179.0,59.0,12605.11,2024-09-27,473.14,Roupas
179.0,59.0,12605.11,2024-10-09,74.49,Casa
180.0,60.0,3215.32,2024-03-06,200.94,Roupas
180.0,60.0,3215.32,2024-03-27,312.88,Alimentos
180.0,60.0,3215.32,2024-04-25,137.49,Eletrônicos
180.0,60.0,3215.32,2024-05-08,451.26,Alimentos
180.0,60.0,3215.32,2024-05-19,910.99,Eletrônicos
180.0,60.0,3215.32,2024-05-28,441.36,Casa
180.0,60.0,3215.32,2024-06-23,414.36,Eletrônicos
180.0,60.0,3215.32,2024-06-29,264.47,Esportes
180.0,60.0,3215.32,2024-12-16,369.63,Casa
181.0,50.0,12676.23,2024-10-20,688.51,Casa
182.0,61.0,14530.9,2024-02-06,136.33,Casa
182.0,61.0,14530.9,2024-02-09,411.53,Casa
182.0,61.0,14530.9,2024-03-01,784.39,Esportes
182.0,61.0,14530.9,2024-03-10,904.36,Casa
182.0,61.0,14530.9,2024-03-31,932.92,Eletrônicos
182.0,61.0,14530.9,2024-04-21,233.55,Roupas
182.0,61.0,14530.9,2024-05-30,705.7,Eletrônicos
182.0,61.0,14530.9,2024-07-15,85.89,Alimentos
182.0,61.0,14530.9,2024-07-18,830.02,Eletrônicos
182.0,61.0,14530.9,2024-08-14,575.27,Esportes
182.0,61.0,14530.9,2024-08-24,94.15,Roupas
182.0,61.0,14530.9,2024-08-24,593.38,Alimentos
182.0,61.0,14530.9,2024-10-28,639.59,Roupas
182.0,61.0,14530.9,2024-12-10,943.81,Eletrônicos
183.0,56.0,2652.19,2024-01-02,744.09,Eletrônicos
183.0,56.0,2652.19,2024-04-12,970.33,Alimentos
183.0,56.0,2652.19,2024-04-20,582.95,Roupas
183.0,56.0,2652.19,2024-06-14,897.97,Casa
183.0,56.0,2652.19,2024-06-30,899.79,Eletrônicos
183.0,56.0,2652.19,2024-07-02,360.57,Eletrônicos
183.0,56.0,2652.19,2024-07-06,624.61,Eletrônicos
183.0,56.0,2652.19,2024-07-23,576.61,Eletrônicos
183.0,56.0,2652.19,2024-08-07,983.9,Eletrônicos
183.0,56.0,2652.19,2024-09-03,133.39,Casa
183.0,56.0,2652.19,2024-09-05,586.08,Esportes
183.0,56.0,2652.19,2024-09-23,541.65,Roupas
183.0,56.0,2652.19,2024-10-04,241.99,Roupas
183.0,56.0,2652.19,2024-11-27,875.65,Casa
183.0,56.0,2652.19,2024-11-30,824.28,Eletrônicos
183.0,56.0,2652.19,2024-12-10,698.17,Esportes
184.0,62.0,4124.13,2024-01-08,175.14,Eletrônicos
184.0,62.0,4124.13,2024-01-20,264.78,Alimentos
184.0,62.0,4124.13,2024-02-27,690.19,Alimentos
184.0,62.0,4124.13,2024-02-28,663.28,Alimentos
184.0,62.0,4124.13,2024-02-29,136.27,Roupas
184.0,62.0,4124.13,2024-03-18,914.63,Casa
184.0,62.0,4124.13,2024-03-30,172.92,Esportes
184.0,62.0,4124.13,2024-05-22,827.15,Eletrônicos
184.0,62.0,4124.13,2024-06-11,236.81,Esportes
184.0,62.0,4124.13,2024-06-14,477.36,Esportes
184.0,62.0,4124.13,2024-08-04,609.65,Eletrônicos
184.0,62.0,4124.13,2024-08-26,156.81,Casa
184.0,62.0,4124.13,2024-09-01,220.16,Eletrônicos
184.0,62.0,4124.13,2024-09-29,341.62,Eletrônicos
184.0,62.0,4124.13,2024-10-09,785.88,Eletrônicos
184.0,62.0,4124.13,2024-10-29,486.08,Esportes
185.0,47.0,8798.57,2024-01-13,239.5,Roupas
185.0,47.0,8798.57,2024-01-19,778.1,Eletrônicos
185.0,47.0,8798.57,2024-02-13,134.03,Casa
185.0,47.0,8798.57,2024-02-19,123.76,Casa
185.0,47.0,8798.57,2024-04-09,687.73,Eletrônicos
185.0,47.0,8798.57,2024-05-01,836.97,Esportes
185.0,47.0,8798.57,2024-05-24,901.28,Roupas
185.0,47.0,8798.57,2024-08-07,909.1,Roupas
185.0,47.0,8798.57,2024-08-24,715.91,Alimentos
185.0,47.0,8798.57,2024-08-26,668.54,Casa
185.0,47.0,8798.57,2024-08-26,302.25,Casa
185.0,47.0,8798.57,2024-09-29,929.54,Roupas
185.0,47.0,8798.57,2024-10-14,755.03,Eletrônicos
185.0,47.0,8798.57,2024-10-22,173.68,Esportes
185.0,47.0,8798.57,2024-11-09,547.03,Alimentos
185.0,47.0,8798.57,2024-12-02,655.27,Esportes
185.0,47.0,8798.57,2024-12-11,184.84,Roupas
185.0,47.0,8798.57,2024-12-25,333.26,Casa
186.0,57.0,11302.23,2024-07-19,326.79,Eletrônicos
186.0,57.0,11302.23,2024-09-02,331.34,Casa
186.0,57.0,11302.23,2024-09-27,736.86,Alimentos
187.0,30.0,14588.75,2024-09-20,69.21,Casa
187.0,30.0,14588.75,2024-12-29,918.09,Roupas
188.0,59.0,5859.91,2024-01-06,266.15,Esportes
188.0,59.0,5859.91,2024-04-07,827.98,Roupas
188.0,59.0,5859.91,2024-04-17,391.46,Roupas
188.0,59.0,5859.91,2024-05-01,252.4,Roupas
188.0,59.0,5859.91,2024-05-04,637.22,Roupas
188.0,59.0,5859.91,2024-05-25,62.19,Alimentos
188.0,59.0,5859.91,2024-06-21,664.89,Casa
188.0,59.0,5859.91,2024-08-08,410.26,Eletrônicos
188.0,59.0,5859.91,2024-10-12,757.35,Esportes
188.0,59.0,5859.91,2024-12-15,549.49,Alimentos
189.0,34.0,6884.08,2024-01-03,997.67,Roupas
189.0,34.0,6884.08,2024-02-16,506.96,Alimentos
189.0,34.0,6884.08,2024-03-16,666.32,Casa
189.0,34.0,6884.08,2024-04-05,288.9,Roupas
189.0,34.0,6884.08,2024-04-21,886.67,Alimentos
189.0,34.0,6884.08,2024-05-04,238.22,Roupas
189.0,34.0,6884.08,2024-05-29,787.63,Esportes
189.0,34.0,6884.08,2024-07-20,581.58,Casa
189.0,34.0,6884.08,2024-08-01,824.02,Casa
189.0,34.0,6884.08,2024-08-12,442.36,Roupas
189.0,34.0,6884.08,2024-09-07,939.76,Casa
189.0,34.0,6884.08,2024-09-23,465.32,Roupas
189.0,34.0,6884.08,2024-09-27,494.34,Roupas
189.0,34.0,6884.08,2024-10-05,84.38,Eletrônicos
189.0,34.0,6884.08,2024-10-17,947.82,Casa
189.0,34.0,6884.08,2024-10-25,978.79,Alimentos
189.0,34.0,6884.08,2024-11-18,831.92,Casa
189.0,34.0,6884.08,2024-12-02,733.8,Esportes
190.0,36.0,7426.11,2024-01-25,801.27,Esportes
190.0,36.0,7426.11,2024-08-24,574.11,Alimentos
191.0,43.0,1842.24,2024-02-17,179.76,Esportes
191.0,43.0,1842.24,2024-03-04,292.16,Alimentos
191.0,43.0,1842.24,2024-03-25,838.25,Eletrônicos
191.0,43.0,1842.24,2024-04-08,250.29,Roupas
191.0,43.0,1842.24,2024-04-30,431.23,Casa
191.0,43.0,1842.24,2024-05-06,36.26,Casa
191.0,43.0,1842.24,2024-06-21,318.51,Roupas
191.0,43.0,1842.24,2024-07-27,246.85,Casa
191.0,43.0,1842.24,2024-11-09,353.73,Alimentos
191.0,43.0,1842.24,2024-11-29,176.43,Roupas
192.0,40.0,7282.25,2024-01-18,860.8,Alimentos
192.0,40.0,7282.25,2024-03-03,69.56,Casa
192.0,40.0,7282.25,2024-03-16,376.83,Esportes
192.0,40.0,7282.25,2024-03-19,286.06,Casa
192.0,40.0,7282.25,2024-07-05,591.59,Eletrônicos
192.0,40.0,7282.25,2024-08-26,59.45,Casa
192.0,40.0,7282.25,2024-09-02,553.31,Casa
192.0,40.0,7282.25,2024-09-18,785.98,Alimentos
192.0,40.0,7282.25,2024-09-19,149.33,Eletrônicos
192.0,40.0,7282.25,2024-09-28,582.47,Eletrônicos
192.0,40.0,7282.25,2024-11-10,544.66,Eletrônicos
193.0,29.0,7020.86,2024-01-17,237.35,Esportes
193.0,29.0,7020.86,2024-04-10,101.85,Roupas
193.0,29.0,7020.86,2024-05-20,835.72,Esportes
193.0,29.0,7020.86,2024-06-28,502.68,Casa
193.0,29.0,7020.86,2024-08-15,699.93,Eletrônicos
193.0,29.0,7020.86,2024-09-26,757.42,Eletrônicos
193.0,29.0,7020.86,2024-10-01,231.93,Casa
193.0,29.0,7020.86,2024-10-18,820.96,Roupas
193.0,29.0,7020.86,2024-10-18,461.06,Esportes
193.0,29.0,7020.86,2024-10-19,732.98,Esportes
193.0,29.0,7020.86,2024-11-20,108.12,Alimentos
193.0,29.0,7020.86,2024-12-14,633.93,Esportes
194.0,18.0,7471.76,2024-01-27,912.59,Alimentos
194.0,18.0,7471.76,2024-08-11,686.1,Casa
194.0,18.0,7471.76,2024-10-11,166.26,Roupas
194.0,18.0,7471.76,2024-11-21,359.63,Roupas
194.0,18.0,7471.76,2024-12-21,593.14,Casa
195.0,49.0,8914.56,2024-02-03,209.57,Casa
195.0,49.0,8914.56,2024-02-07,255.72,Alimentos
195.0,49.0,8914.56,2024-02-19,409.05,Esportes
195.0,49.0,8914.56,2024-05-14,134.93,Eletrônicos
195.0,49.0,8914.56,2024-05-16,173.08,Eletrônicos
195.0,49.0,8914.56,2024-05-17,438.94,Alimentos
195.0,49.0,8914.56,2024-05-27,679.63,Alimentos
195.0,49.0,8914.56,2024-06-07,666.23,Esportes
195.0,49.0,8914.56,2024-06-13,100.38,Roupas
195.0,49.0,8914.56,2024-08-26,794.71,Eletrônicos
195.0,49.0,8914.56,2024-10-14,627.0,Casa
195.0,49.0,8914.56,2024-10-16,49.42,Casa
195.0,49.0,8914.56,2024-11-13,976.51,Casa
195.0,49.0,8914.56,2024-11-19,285.23,Alimentos
195.0,49.0,8914.56,2024-11-24,245.39,Alimentos
195.0,49.0,8914.56,2024-12-04,985.47,Alimentos
195.0,49.0,8914.56,2024-12-06,868.78,Eletrônicos
195.0,49.0,8914.56,2024-12-08,743.19,Alimentos
195.0,49.0,8914.56,2024-12-21,888.36,Esportes
196.0,65.0,3968.69,2024-01-12,168.74,Alimentos
196.0,65.0,3968.69,2024-02-16,226.11,Roupas
196.0,65.0,3968.69,2024-04-15,795.63,Eletrônicos
196.0,65.0,3968.69,2024-04-15,868.25,Roupas
196.0,65.0,3968.69,2024-04-16,293.36,Alimentos
196.0,65.0,3968.69,2024-04-17,79.79,Roupas
196.0,65.0,3968.69,2024-07-27,892.12,Eletrônicos
196.0,65.0,3968.69,2024-10-09,602.36,Esportes
196.0,65.0,3968.69,2024-10-22,111.41,Alimentos
196.0,65.0,3968.69,2024-10-28,43.06,Alimentos
196.0,65.0,3968.69,2024-10-31,688.88,Eletrônicos
196.0,65.0,3968.69,2024-11-01,268.51,Eletrônicos
196.0,65.0,3968.69,2024-11-11,21.32,Esportes
196.0,65.0,3968.69,2024-11-26,849.95,Casa
196.0,65.0,3968.69,2024-12-06,783.93,Alimentos
196.0,65.0,3968.69,2024-12-13,211.11,Eletrônicos
196.0,65.0,3968.69,2024-12-17,853.56,Alimentos
197.0,62.0,5279.11,2024-07-26,228.09,Alimentos
197.0,62.0,5279.11,2024-09-22,698.51,Esportes
197.0,62.0,5279.11,2024-10-10,773.21,Casa
197.0,62.0,5279.11,2024-10-22,337.34,Esportes
197.0,62.0,5279.11,2024-10-29,78.74,Esportes
197.0,62.0,5279.11,2024-12-26,659.19,Roupas
198.0,33.0,8475.4,2024-01-12,600.18,Roupas
198.0,33.0,8475.4,2024-02-08,638.75,Alimentos
198.0,33.0,8475.4,2024-03-13,476.03,Esportes
198.0,33.0,8475.4,2024-03-29,930.28,Eletrônicos
198.0,33.0,8475.4,2024-04-19,108.08,Esportes
198.0,33.0,8475.4,2024-05-25,144.94,Casa
198.0,33.0,8475.4,2024-06-07,809.42,Esportes
198.0,33.0,8475.4,2024-06-10,918.92,Casa
198.0,33.0,8475.4,2024-06-12,191.15,Alimentos
198.0,33.0,8475.4,2024-07-12,69.41,Casa
198.0,33.0,8475.4,2024-07-19,630.28,Eletrônicos
198.0,33.0,8475.4,2024-08-13,845.18,Alimentos
198.0,33.0,8475.4,2024-10-06,375.5,Alimentos
198.0,33.0,8475.4,2024-11-16,679.39,Roupas
198.0,33.0,8475.4,2024-11-27,167.67,Esportes
198.0,33.0,8475.4,2024-12-01,354.49,Alimentos
198.0,33.0,8475.4,2024-12-05,572.64,Esportes
198.0,33.0,8475.4,2024-12-28,131.17,Alimentos
199.0,22.0,9758.23,2024-01-22,534.96,Casa
199.0,22.0,9758.23,2024-02-05,991.62,Casa
199.0,22.0,9758.23,2024-06-12,622.2,Roupas
199.0,22.0,9758.23,2024-08-04,321.73,Esportes
199.0,22.0,9758.23,2024-10-20,309.91,Roupas
199.0,22.0,9758.23,2024-12-01,994.53,Casa
200.0,20.0,4844.37,2024-02-13,925.77,Casa
200.0,20.0,4844.37,2024-02-15,151.88,Esportes
200.0,20.0,4844.37,2024-04-07,331.9,Roupas
200.0,20.0,4844.37,2024-04-13,302.49,Esportes
200.0,20.0,4844.37,2024-05-02,100.03,Alimentos
200.0,20.0,4844.37,2024-05-21,144.82,Casa
200.0,20.0,4844.37,2024-05-28,641.04,Casa
200.0,20.0,4844.37,2024-07-16,690.93,Eletrônicos
200.0,20.0,4844.37,2024-07-24,135.85,Eletrônicos
200.0,20.0,4844.37,2024-08-18,35.92,Esportes
200.0,20.0,4844.37,2024-10-09,413.99,Eletrônicos
200.0,20.0,4844.37,2024-11-05,920.03,Esportes
200.0,20.0,4844.37,2024-12-02,671.75,Alimentos
